frame,timestamp,emotion,ear_avg_raw,mar_raw,smile_coeff_raw,mouth_width_raw,brow_dist_raw,mouth_asymmetry_raw,upper_lip_raise_raw,ear_avg_smooth,mar_smooth,smile_coeff_smooth,mouth_width_smooth,brow_dist_smooth,mouth_asymmetry_smooth,upper_lip_raise_smooth
1,1777817720473,Neutral,0.29785,0.00221,-0.00171,0.34523,0.12942,0.00881,0.09051,0.29785,0.00221,-0.00171,0.34523,0.12942,0.00881,0.09051
2,1777817720570,Neutral,0.21241,0.00181,0.0015,0.34401,0.14518,0.00893,0.09313,0.27221,0.00209,-0.00075,0.34486,0.13415,0.00885,0.09129
3,1777817720607,Neutral,0.10205,0.00225,0.00221,0.34442,0.16317,0.00888,0.09184,0.22116,0.00214,0.00014,0.34473,0.14285,0.00886,0.09146
4,1777817720670,Neutral,0.05766,0.00288,0.00265,0.34325,0.17037,0.00785,0.08987,0.17211,0.00236,0.00089,0.34429,0.15111,0.00855,0.09098
5,1777817720704,Neutral,0.08251,0.00353,0.00317,0.3424,0.1653,0.00651,0.08956,0.14523,0.00271,0.00158,0.34372,0.15537,0.00794,0.09055
6,1777817720737,Neutral,0.10798,0.00354,0.00309,0.34292,0.16291,0.00772,0.08784,0.13406,0.00296,0.00203,0.34348,0.15763,0.00787,0.08974
7,1777817720771,Neutral,0.13994,0.00374,0.00331,0.34325,0.15737,0.00791,0.08726,0.13582,0.00319,0.00242,0.34341,0.15755,0.00788,0.08899
8,1777817720804,Contempt,0.17935,0.00383,0.00368,0.34421,0.15005,0.00854,0.08655,0.14888,0.00339,0.0028,0.34365,0.1553,0.00808,0.08826
9,1777817720870,Contempt,0.25082,0.00352,0.00414,0.34533,0.13712,0.0084,0.08588,0.17946,0.00342,0.0032,0.34415,0.14985,0.00818,0.08755
10,1777817720904,Contempt,0.27772,0.00366,0.0042,0.34531,0.13269,0.00831,0.08553,0.20894,0.0035,0.0035,0.3445,0.1447,0.00822,0.08694
11,1777817720970,Neutral,0.29996,0.00346,0.0047,0.34494,0.12935,0.00721,0.08516,0.23624,0.00349,0.00386,0.34463,0.1401,0.00791,0.08641
12,1777817721004,Contempt,0.30939,0.0034,0.00464,0.34502,0.12955,0.00863,0.08283,0.25819,0.00346,0.00409,0.34475,0.13693,0.00813,0.08534
13,1777817721037,Contempt,0.31346,0.00324,0.00441,0.34423,0.13174,0.01053,0.0804,0.27477,0.00339,0.00419,0.34459,0.13538,0.00885,0.08386
14,1777817721071,Contempt,0.31822,0.0031,0.00426,0.34351,0.13429,0.00887,0.07881,0.28781,0.00331,0.00421,0.34427,0.13505,0.00885,0.08234
15,1777817721104,Contempt,0.31738,0.00316,0.00543,0.34601,0.13643,0.00889,0.07908,0.29668,0.00326,0.00457,0.34479,0.13546,0.00886,0.08136
16,1777817721137,Contempt,0.31146,0.00297,0.00517,0.3452,0.13923,0.00955,0.07971,0.30111,0.00318,0.00475,0.34491,0.13659,0.00907,0.08087
17,1777817721170,Contempt,0.31061,0.00279,0.00483,0.34446,0.1396,0.00652,0.08098,0.30396,0.00306,0.00478,0.34478,0.13749,0.0083,0.0809
18,1777817721204,Contempt,0.30552,0.00275,0.00333,0.34592,0.13977,0.00802,0.08129,0.30443,0.00297,0.00434,0.34512,0.13818,0.00822,0.08102
19,1777817721270,Contempt,0.30228,0.00308,0.00328,0.34444,0.14069,0.00867,0.08187,0.30378,0.003,0.00403,0.34492,0.13893,0.00835,0.08127
20,1777817721304,Contempt,0.30311,0.00281,0.00301,0.34402,0.13936,0.00767,0.08389,0.30358,0.00295,0.00372,0.34465,0.13906,0.00815,0.08206
21,1777817721370,Neutral,0.30776,0.00298,0.0036,0.34252,0.13944,0.00719,0.08522,0.30483,0.00296,0.00368,0.34401,0.13917,0.00786,0.08301
22,1777817721403,Neutral,0.3105,0.00302,0.00379,0.34195,0.13951,0.00643,0.08574,0.30653,0.00297,0.00372,0.34339,0.13928,0.00743,0.08383
23,1777817721437,Neutral,0.31043,0.00322,0.00353,0.3421,0.1396,0.00664,0.08571,0.3077,0.00305,0.00366,0.343,0.13937,0.00719,0.08439
24,1777817721504,Neutral,0.30551,0.00317,0.00398,0.34239,0.13971,0.006,0.08534,0.30704,0.00308,0.00376,0.34282,0.13947,0.00684,0.08467
25,1777817721537,Neutral,0.30323,0.00294,0.00355,0.34225,0.13989,0.00609,0.08484,0.3059,0.00304,0.0037,0.34265,0.1396,0.00661,0.08473
26,1777817721570,Neutral,0.30109,0.00269,0.00374,0.34193,0.13988,0.00599,0.08449,0.30446,0.00294,0.00371,0.34243,0.13968,0.00643,0.08465
27,1777817721603,Neutral,0.29558,0.00249,0.0027,0.34394,0.14093,0.00772,0.08358,0.3018,0.0028,0.00341,0.34289,0.14006,0.00681,0.08433
28,1777817721670,Neutral,0.2227,0.00172,0.00233,0.3401,0.15299,0.00906,0.08514,0.27807,0.00248,0.00308,0.34205,0.14394,0.00749,0.08457
29,1777817721703,Neutral,0.22033,0.00173,0.00229,0.33682,0.1527,0.00848,0.08576,0.26075,0.00226,0.00285,0.34048,0.14657,0.00779,0.08493
30,1777817721736,Neutral,0.23335,0.00214,0.00287,0.33638,0.14821,0.00812,0.08636,0.25253,0.00222,0.00285,0.33925,0.14706,0.00789,0.08536
31,1777817721770,Neutral,0.26436,0.00224,0.00338,0.33656,0.14158,0.00773,0.08683,0.25608,0.00223,0.00301,0.33844,0.14541,0.00784,0.0858
32,1777817721804,Neutral,0.29534,0.00233,0.00329,0.33748,0.13503,0.00724,0.08684,0.26786,0.00226,0.0031,0.33815,0.1423,0.00766,0.08611
33,1777817721871,Neutral,0.32329,0.00245,0.0034,0.33739,0.12817,0.00722,0.08668,0.28449,0.00232,0.00319,0.33792,0.13806,0.00753,0.08628
34,1777817721936,Neutral,0.32554,0.00241,0.00316,0.33811,0.12625,0.00624,0.08596,0.2968,0.00234,0.00318,0.33798,0.13452,0.00714,0.08619
35,1777817721971,Neutral,0.32491,0.0022,0.00289,0.33804,0.12478,0.00545,0.08649,0.30524,0.0023,0.00309,0.338,0.1316,0.00663,0.08628
36,1777817722036,Neutral,0.34282,0.00217,0.00128,0.33937,0.121,0.0042,0.08529,0.31651,0.00226,0.00255,0.33841,0.12842,0.0059,0.08598
37,1777817722070,Neutral,0.34568,0.00184,0.00152,0.34057,0.12039,0.00319,0.08666,0.32526,0.00213,0.00224,0.33906,0.12601,0.00509,0.08619
38,1777817722136,Neutral,0.24534,0.0027,0.00083,0.33716,0.14145,0.00458,0.08643,0.30129,0.0023,0.00182,0.33849,0.13064,0.00494,0.08626
39,1777817722169,Neutral,0.08158,0.00415,0.00013,0.3359,0.17099,0.00533,0.08754,0.23537,0.00286,0.00131,0.33771,0.14274,0.00505,0.08664
40,1777817722203,Neutral,0.04098,0.00511,-0.00055,0.33575,0.18093,0.00563,0.08731,0.17705,0.00353,0.00075,0.33712,0.1542,0.00523,0.08685
41,1777817722270,Neutral,0.03871,0.003,-0.00222,0.33208,0.17839,0.00978,0.08503,0.13555,0.00337,-0.00014,0.33561,0.16146,0.00659,0.0863
42,1777817722303,Neutral,0.13467,0.00341,-0.0052,0.33148,0.16716,0.00894,0.08305,0.13529,0.00338,-0.00166,0.33437,0.16317,0.0073,0.08533
43,1777817722336,Neutral,0.22098,0.00613,-0.00522,0.33,0.15095,0.009,0.08466,0.16099,0.00421,-0.00273,0.33306,0.1595,0.00781,0.08513
44,1777817722370,Neutral,0.24785,0.0048,-0.00492,0.33138,0.1469,0.0023,0.08266,0.18705,0.00439,-0.00339,0.33256,0.15572,0.00616,0.08439
45,1777817722403,Neutral,0.26717,0.0059,-0.00598,0.33179,0.14763,0.00063,0.08166,0.21109,0.00484,-0.00416,0.33233,0.15329,0.0045,0.08357
46,1777817722436,Neutral,0.27756,0.00772,-0.0129,0.32974,0.15015,0.00286,0.08017,0.23103,0.0057,-0.00678,0.33155,0.15235,0.00401,0.08255
47,1777817722471,Neutral,0.29614,0.00266,-0.00488,0.3314,0.1483,0.00544,0.07333,0.25056,0.00479,-0.00621,0.33151,0.15113,0.00444,0.07978
48,1777817722503,Neutral,0.3589,0.00297,-0.0004,0.33285,0.13161,0.00447,0.07502,0.28306,0.00424,-0.00447,0.33191,0.14528,0.00445,0.07835
49,1777817722537,Neutral,0.31415,0.00344,-0.00325,0.33246,0.14486,0.00233,0.07536,0.29239,0.004,-0.0041,0.33207,0.14515,0.00381,0.07745
50,1777817722570,Neutral,0.27825,0.00567,-0.00612,0.3261,0.15563,0.00211,0.08092,0.28815,0.0045,-0.00471,0.33028,0.1483,0.0033,0.07849
51,1777817722603,Neutral,0.29269,0.00146,-0.00041,0.32737,0.1493,0.00064,0.08577,0.28951,0.00359,-0.00342,0.32941,0.1486,0.0025,0.08068
52,1777817722636,Neutral,0.27659,0.00096,-0.0045,0.32724,0.15411,0.00111,0.07787,0.28563,0.0028,-0.00374,0.32876,0.15025,0.00208,0.07983
53,1777817722670,Neutral,0.26393,0.00643,-0.0031,0.32781,0.15305,0.00224,0.08252,0.27912,0.00389,-0.00355,0.32847,0.15109,0.00213,0.08064
54,1777817722704,Neutral,0.27924,0.00457,-0.00249,0.33082,0.14892,0.00238,0.0799,0.27916,0.0041,-0.00323,0.32918,0.15044,0.00221,0.08042
55,1777817722737,Neutral,0.29162,0.00402,-0.00297,0.32852,0.14414,0.00123,0.08018,0.2829,0.00407,-0.00315,0.32898,0.14855,0.00191,0.08035
56,1777817722770,Neutral,0.28534,0.00357,-0.0024,0.33554,0.14569,0.00195,0.08094,0.28363,0.00392,-0.00293,0.33095,0.14769,0.00192,0.08053
57,1777817722803,Neutral,0.28664,0.00312,-0.00034,0.34084,0.1465,0.00242,0.08319,0.28453,0.00368,-0.00215,0.33392,0.14734,0.00207,0.08132
58,1777817722836,Neutral,0.29265,0.00257,0.0014,0.33924,0.1443,0.00192,0.08492,0.28697,0.00335,-0.00109,0.33551,0.14642,0.00202,0.0824
59,1777817722870,Neutral,0.30593,0.00164,0.00326,0.33979,0.14093,0.00247,0.08377,0.29266,0.00283,0.00022,0.3368,0.14478,0.00216,0.08281
60,1777817722903,Neutral,0.30444,0.00174,0.00371,0.34227,0.14141,0.00316,0.0856,0.29619,0.00251,0.00126,0.33844,0.14377,0.00246,0.08365
61,1777817722937,Neutral,0.30768,0.00186,0.0021,0.3443,0.14095,0.00296,0.08624,0.29964,0.00231,0.00152,0.3402,0.14292,0.00261,0.08443
62,1777817722969,Neutral,0.30756,0.00153,0.00134,0.34193,0.14092,0.00248,0.08554,0.30201,0.00208,0.00146,0.34072,0.14232,0.00257,0.08476
63,1777817723036,Neutral,0.30557,0.00185,0.00057,0.34218,0.14243,0.00322,0.08634,0.30308,0.00201,0.0012,0.34116,0.14235,0.00276,0.08523
64,1777817723069,Neutral,0.30412,0.00229,-0.0011,0.34243,0.14289,0.00285,0.08533,0.30339,0.00209,0.00051,0.34154,0.14251,0.00279,0.08526
65,1777817723103,Neutral,0.30624,0.00091,-0.0018,0.33988,0.14156,0.00035,0.08213,0.30425,0.00174,-0.00019,0.34104,0.14223,0.00206,0.08432
66,1777817723136,Neutral,0.30458,0.00189,-0.00219,0.34217,0.14056,0.00055,0.07949,0.30435,0.00178,-0.00079,0.34138,0.14173,0.00161,0.08287
67,1777817723170,Neutral,0.29824,0.0023,-0.00329,0.34337,0.14024,0.00374,0.07904,0.30252,0.00194,-0.00154,0.34198,0.14128,0.00225,0.08172
68,1777817723236,Neutral,0.29728,0.00602,-0.00142,0.34483,0.1369,0.00437,0.08078,0.30095,0.00316,-0.0015,0.34283,0.13997,0.00288,0.08144
69,1777817723270,Neutral,0.29757,0.00904,-0.00113,0.34296,0.1393,0.00325,0.0846,0.29993,0.00493,-0.00139,0.34287,0.13977,0.00299,0.08239
70,1777817723303,Neutral,0.32607,0.00888,-0.00143,0.34486,0.13338,0.00292,0.0875,0.30777,0.00611,-0.0014,0.34347,0.13785,0.00297,0.08392
71,1777817723336,Neutral,0.3398,0.00839,-0.00155,0.33777,0.12518,0.00279,0.09138,0.31738,0.0068,-0.00145,0.34176,0.13405,0.00292,0.08616
72,1777817723369,Neutral,0.32777,0.00877,-0.00154,0.33549,0.12973,0.00178,0.09195,0.3205,0.00739,-0.00147,0.33988,0.13275,0.00258,0.0879
73,1777817723403,Neutral,0.25829,0.00834,-0.00144,0.33282,0.14518,0.00162,0.09142,0.30184,0.00767,-0.00146,0.33776,0.13648,0.00229,0.08895
74,1777817723436,Neutral,0.08821,0.00809,-0.00105,0.33288,0.18374,0.00093,0.09288,0.23775,0.0078,-0.00134,0.3363,0.15066,0.00188,0.09013
75,1777817723536,Neutral,0.15704,0.0046,-0.00245,0.33368,0.16898,0.00733,0.08594,0.21354,0.00684,-0.00167,0.33551,0.15616,0.00352,0.08887
76,1777817723569,Neutral,0.12844,0.00531,-0.00266,0.33357,0.17085,0.00595,0.08463,0.18801,0.00638,-0.00197,0.33493,0.16056,0.00425,0.0876
77,1777817723603,Neutral,0.06598,0.00448,-0.00403,0.33152,0.18314,0.00676,0.08296,0.1514,0.00581,-0.00259,0.33391,0.16733,0.005,0.08621
78,1777817723637,Neutral,0.03286,0.00292,-0.00388,0.33259,0.18953,0.00764,0.08301,0.11584,0.00494,-0.00297,0.33351,0.17399,0.00579,0.08525
79,1777817723703,Neutral,0.13449,0.00202,-0.00442,0.33341,0.17486,0.00999,0.08253,0.12143,0.00407,-0.00341,0.33348,0.17425,0.00705,0.08443
80,1777817723736,Neutral,0.17546,0.00284,-0.00389,0.33426,0.16799,0.00889,0.08302,0.13764,0.0037,-0.00355,0.33371,0.17237,0.0076,0.08401
81,1777817723769,Neutral,0.19974,0.00126,-0.00573,0.33795,0.16411,0.01083,0.08335,0.15627,0.00297,-0.00421,0.33498,0.16989,0.00857,0.08381
82,1777817723802,Neutral,0.23366,0.00131,-0.00691,0.3412,0.16093,0.01082,0.08295,0.17949,0.00247,-0.00502,0.33685,0.1672,0.00925,0.08355
83,1777817723836,Neutral,0.26371,0.00207,-0.00597,0.34379,0.15715,0.00832,0.08278,0.20475,0.00235,-0.0053,0.33893,0.16419,0.00897,0.08332
84,1777817723870,Neutral,0.27786,0.00239,-0.00506,0.34374,0.15365,0.0081,0.08365,0.22669,0.00236,-0.00523,0.34037,0.16103,0.00871,0.08342
85,1777817723903,Neutral,0.28191,0.00214,-0.00367,0.34318,0.15122,0.00876,0.08431,0.24325,0.00229,-0.00476,0.34122,0.15808,0.00873,0.08369
86,1777817723935,Neutral,0.28009,0.00166,-0.00287,0.34173,0.1507,0.00874,0.08477,0.2543,0.0021,-0.00419,0.34137,0.15587,0.00873,0.08401
87,1777817723969,Neutral,0.2904,0.0022,-0.00253,0.34497,0.14816,0.00785,0.0847,0.26513,0.00213,-0.0037,0.34245,0.15355,0.00847,0.08422
88,1777817724003,Neutral,0.29896,0.00249,-0.00266,0.34598,0.14735,0.0071,0.08545,0.27528,0.00224,-0.00338,0.34351,0.15169,0.00806,0.08459
89,1777817724036,Neutral,0.30383,0.00216,-0.00309,0.34696,0.14651,0.00593,0.08629,0.28385,0.00221,-0.0033,0.34455,0.15014,0.00742,0.0851
90,1777817724069,Neutral,0.30638,0.00289,-0.00365,0.34951,0.14613,0.00483,0.08665,0.29061,0.00242,-0.0034,0.34604,0.14893,0.00664,0.08556
91,1777817724103,Neutral,0.30823,0.00254,-0.00416,0.34846,0.14571,0.00287,0.08688,0.29589,0.00246,-0.00363,0.34676,0.14797,0.00551,0.08596
92,1777817724136,Neutral,0.30751,0.00278,-0.00521,0.34758,0.1455,0.00054,0.08624,0.29938,0.00255,-0.0041,0.34701,0.14723,0.00402,0.08604
93,1777817724169,Neutral,0.30314,0.00177,-0.00585,0.34206,0.14555,0.00097,0.08586,0.30051,0.00232,-0.00463,0.34552,0.14672,0.0031,0.08599
94,1777817724202,Neutral,0.30337,0.00184,-0.00636,0.34032,0.145,0.00088,0.08549,0.30137,0.00217,-0.00515,0.34396,0.1462,0.00244,0.08584
95,1777817724236,Neutral,0.30147,0.0023,-0.00566,0.34038,0.14469,0.00026,0.08569,0.3014,0.00221,-0.0053,0.34289,0.14575,0.00178,0.08579
96,1777817724269,Neutral,0.30331,0.002,-0.00553,0.34163,0.1429,4e-05,0.08493,0.30197,0.00215,-0.00537,0.34251,0.1449,0.00126,0.08554
97,1777817724302,Neutral,0.30154,0.00192,-0.00533,0.34073,0.14189,8e-05,0.08316,0.30184,0.00208,-0.00536,0.34198,0.144,0.0009,0.08482
98,1777817724336,Neutral,0.30103,0.002,-0.00481,0.34322,0.14195,0.0002,0.08275,0.3016,0.00206,-0.0052,0.34235,0.14338,0.00069,0.0842
99,1777817724403,Neutral,0.30243,0.00311,-0.00462,0.34409,0.1428,0.00014,0.08217,0.30185,0.00237,-0.00502,0.34287,0.14321,0.00053,0.08359
100,1777817724436,Neutral,0.29894,0.0038,-0.0046,0.34305,0.14282,0.00021,0.08208,0.30098,0.0028,-0.0049,0.34293,0.14309,0.00043,0.08314
101,1777817724469,Neutral,0.30033,0.00482,-0.00533,0.3432,0.14221,0.00029,0.08253,0.30078,0.00341,-0.00503,0.34301,0.14283,0.00039,0.08295
102,1777817724502,Neutral,0.30058,0.00482,-0.00545,0.34351,0.14235,0.00056,0.0829,0.30072,0.00383,-0.00515,0.34316,0.14269,0.00044,0.08294
103,1777817724536,Neutral,0.30312,0.00522,-0.00642,0.34301,0.14302,0.00186,0.08266,0.30144,0.00425,-0.00553,0.34312,0.14279,0.00086,0.08285
104,1777817724570,Neutral,0.306,0.00392,-0.00775,0.34262,0.14286,0.0037,0.08208,0.30281,0.00415,-0.0062,0.34297,0.14281,0.00171,0.08262
105,1777817724602,Neutral,0.3022,0.00271,-0.00677,0.3431,0.14267,0.00372,0.08307,0.30263,0.00372,-0.00637,0.34301,0.14277,0.00232,0.08275
106,1777817724636,Neutral,0.29849,0.00366,-0.00615,0.3433,0.14376,0.00489,0.08322,0.30138,0.0037,-0.0063,0.34309,0.14306,0.00309,0.0829
107,1777817724669,Neutral,0.30014,0.00391,-0.0037,0.34363,0.14336,0.00536,0.08463,0.30101,0.00376,-0.00552,0.34325,0.14315,0.00377,0.08341
108,1777817724702,Neutral,0.30469,0.00495,-0.00301,0.34381,0.14337,0.00522,0.08527,0.30211,0.00412,-0.00477,0.34342,0.14322,0.0042,0.08397
109,1777817724769,Neutral,0.30246,0.00397,-0.00232,0.34492,0.14374,0.00749,0.08571,0.30222,0.00407,-0.00403,0.34387,0.14338,0.00519,0.08449
110,1777817724803,Neutral,0.30354,0.0047,-0.0031,0.34592,0.14315,0.00669,0.08555,0.30261,0.00426,-0.00375,0.34449,0.14331,0.00564,0.08481
111,1777817724869,Neutral,0.30209,0.00322,-0.00159,0.34795,0.14219,0.00494,0.08498,0.30246,0.00395,-0.0031,0.34552,0.14297,0.00543,0.08486
112,1777817724902,Neutral,0.30661,0.00175,-0.00254,0.34497,0.1396,0.00584,0.08433,0.3037,0.00329,-0.00293,0.34536,0.14196,0.00555,0.0847
113,1777817724936,Neutral,0.30128,0.00442,-0.00254,0.34525,0.14082,0.0052,0.08456,0.30297,0.00363,-0.00281,0.34532,0.14162,0.00545,0.08466
114,1777817724969,Neutral,0.30143,0.00511,-0.00273,0.34539,0.14063,0.00464,0.08491,0.30251,0.00407,-0.00279,0.34535,0.14132,0.0052,0.08473
115,1777817725002,Neutral,0.30108,0.00572,-0.00255,0.34468,0.1411,0.00347,0.08503,0.30208,0.00457,-0.00272,0.34514,0.14126,0.00468,0.08482
116,1777817725036,Neutral,0.30928,0.00461,-0.00253,0.34577,0.13998,0.00324,0.08476,0.30424,0.00458,-0.00266,0.34533,0.14087,0.00425,0.0848
117,1777817725069,Neutral,0.31539,0.00384,-0.00201,0.34655,0.13861,0.00193,0.08463,0.30759,0.00436,-0.00247,0.3457,0.14019,0.00355,0.08475
118,1777817725102,Neutral,0.31449,0.00501,-0.00276,0.34544,0.13784,0.00139,0.08525,0.30966,0.00455,-0.00255,0.34562,0.13949,0.00291,0.0849
119,1777817725135,Neutral,0.30761,0.00516,-0.00171,0.34548,0.13863,0.00149,0.08579,0.30904,0.00473,-0.0023,0.34558,0.13923,0.00248,0.08517
120,1777817725169,Neutral,0.30812,0.00512,-0.00176,0.34313,0.13887,0.00169,0.08573,0.30877,0.00485,-0.00214,0.34484,0.13912,0.00224,0.08534
121,1777817725202,Neutral,0.30566,0.00545,-0.00181,0.34238,0.13898,0.00171,0.08605,0.30783,0.00503,-0.00204,0.3441,0.13908,0.00208,0.08555
122,1777817725236,Neutral,0.30107,0.00557,-0.00136,0.34195,0.13909,0.0018,0.08676,0.3058,0.00519,-0.00184,0.34346,0.13908,0.002,0.08591
123,1777817725269,Neutral,0.30181,0.00585,-0.00152,0.34143,0.13818,0.00173,0.08647,0.30461,0.00539,-0.00174,0.34285,0.13881,0.00192,0.08608
124,1777817725302,Neutral,0.3038,0.00537,-0.0013,0.33894,0.13775,0.00165,0.08636,0.30436,0.00538,-0.00161,0.34168,0.13849,0.00184,0.08616
125,1777817725335,Neutral,0.30465,0.0049,-0.00125,0.34067,0.13766,0.00173,0.08634,0.30445,0.00524,-0.0015,0.34138,0.13824,0.00181,0.08621
126,1777817725369,Neutral,0.30398,0.00529,-0.00127,0.34211,0.13708,0.00189,0.08623,0.30431,0.00525,-0.00143,0.3416,0.13789,0.00183,0.08622
127,1777817725402,Neutral,0.3055,0.00505,-0.00111,0.34258,0.13713,0.00208,0.0864,0.30466,0.00519,-0.00133,0.34189,0.13767,0.00191,0.08627
128,1777817725435,Neutral,0.30667,0.00524,-0.00143,0.3428,0.13718,0.0022,0.08627,0.30527,0.00521,-0.00136,0.34216,0.13752,0.00199,0.08627
129,1777817725468,Neutral,0.30717,0.00525,-0.00179,0.34269,0.13725,0.00206,0.08597,0.30584,0.00522,-0.00149,0.34232,0.13744,0.00201,0.08618
130,1777817725503,Neutral,0.29695,0.00521,-0.00172,0.34278,0.13956,0.00221,0.08619,0.30317,0.00522,-0.00156,0.34246,0.13808,0.00207,0.08618
131,1777817725535,Neutral,0.29152,0.00505,-0.00164,0.34272,0.14108,0.00219,0.08629,0.29968,0.00517,-0.00158,0.34254,0.13898,0.00211,0.08622
132,1777817725569,Neutral,0.2897,0.00488,-0.00158,0.34319,0.14147,0.00221,0.08633,0.29668,0.00508,-0.00158,0.34273,0.13973,0.00214,0.08625
133,1777817725602,Neutral,0.28927,0.00487,-0.00159,0.34386,0.14151,0.00218,0.0863,0.29446,0.00502,-0.00159,0.34307,0.14026,0.00215,0.08627
134,1777817725635,Neutral,0.2885,0.00489,-0.00159,0.34498,0.14157,0.00219,0.08629,0.29267,0.00498,-0.00159,0.34364,0.14065,0.00216,0.08627
135,1777817725668,Neutral,0.28899,0.00493,-0.00159,0.34487,0.14153,0.00219,0.08627,0.29157,0.00497,-0.00159,0.34401,0.14092,0.00217,0.08627
136,1777817725701,Neutral,0.28827,0.00477,-0.00142,0.34408,0.14166,0.0023,0.08623,0.29058,0.00491,-0.00154,0.34403,0.14114,0.00221,0.08626
137,1777817725736,Neutral,0.28688,0.0046,-0.00124,0.3439,0.14232,0.00238,0.08624,0.28947,0.00481,-0.00145,0.34399,0.14149,0.00226,0.08625
138,1777817725769,Neutral,0.28522,0.00425,-0.00115,0.34427,0.14267,0.00262,0.08627,0.28819,0.00465,-0.00136,0.34408,0.14185,0.00237,0.08626
139,1777817725801,Neutral,0.28577,0.00412,-0.00114,0.34409,0.14252,0.00244,0.08647,0.28747,0.00449,-0.00129,0.34408,0.14205,0.00239,0.08632
140,1777817725835,Neutral,0.28622,0.0039,-0.00107,0.34465,0.14212,0.00248,0.08655,0.28709,0.00431,-0.00123,0.34425,0.14207,0.00242,0.08639
141,1777817725869,Neutral,0.28787,0.00395,-0.00109,0.34547,0.14166,0.00244,0.08664,0.28732,0.0042,-0.00119,0.34462,0.14195,0.00242,0.08646
142,1777817725902,Neutral,0.2912,0.00386,-0.00114,0.34598,0.14102,0.00236,0.08662,0.28849,0.0041,-0.00117,0.34503,0.14167,0.0024,0.08651
143,1777817725969,Neutral,0.29472,0.00401,-0.00096,0.34693,0.1402,0.00219,0.08673,0.29036,0.00407,-0.00111,0.3456,0.14123,0.00234,0.08658
144,1777817726002,Neutral,0.29406,0.00403,-0.00048,0.34697,0.14016,0.00279,0.08685,0.29147,0.00406,-0.00092,0.34601,0.14091,0.00247,0.08666
145,1777817726035,Neutral,0.29478,0.00404,-0.00035,0.34687,0.13987,0.00284,0.08683,0.29246,0.00406,-0.00075,0.34627,0.1406,0.00258,0.08671
146,1777817726101,Neutral,0.29863,0.00386,-0.00033,0.34676,0.13822,0.00278,0.08712,0.29431,0.004,-0.00062,0.34642,0.13988,0.00264,0.08683
147,1777817726135,Neutral,0.29913,0.0038,-0.00011,0.347,0.13782,0.00259,0.08718,0.29576,0.00394,-0.00047,0.34659,0.13926,0.00263,0.08694
148,1777817726169,Neutral,0.29921,0.00439,0.00017,0.34663,0.13743,0.00216,0.08714,0.29679,0.00408,-0.00028,0.3466,0.13871,0.00249,0.087
149,1777817726202,Neutral,0.29662,0.00425,0.00053,0.34589,0.13615,0.00193,0.08712,0.29674,0.00413,-4e-05,0.34639,0.13795,0.00232,0.08704
150,1777817726268,Neutral,0.33865,0.00416,0.00102,0.34363,0.12516,0.0016,0.08729,0.30931,0.00414,0.00028,0.34556,0.13411,0.0021,0.08711
151,1777817726301,Neutral,0.34986,0.00444,0.00033,0.3437,0.12198,0.00152,0.08695,0.32148,0.00423,0.00029,0.345,0.13047,0.00193,0.08706
152,1777817726335,Neutral,0.35406,0.00524,-9e-05,0.34398,0.12096,0.00162,0.08709,0.33125,0.00453,0.00018,0.3447,0.12762,0.00184,0.08707
153,1777817726368,Sad,0.35691,0.00564,4e-05,0.34384,0.12049,0.00147,0.08734,0.33895,0.00486,0.00014,0.34444,0.12548,0.00172,0.08715
154,1777817726402,Sad,0.35715,0.00552,8e-05,0.34372,0.12033,0.00132,0.08728,0.34441,0.00506,0.00012,0.34422,0.12393,0.0016,0.08719
155,1777817726436,Sad,0.35936,0.00537,0.0,0.34446,0.1201,0.00129,0.08733,0.34889,0.00515,9e-05,0.34429,0.12278,0.00151,0.08723
156,1777817726502,Sad,0.36263,0.00493,0.00041,0.34445,0.11968,0.00125,0.08764,0.35302,0.00509,0.00018,0.34434,0.12185,0.00143,0.08735
157,1777817726535,Sad,0.36445,0.00482,0.00022,0.34472,0.11907,0.00115,0.08742,0.35644,0.00501,0.00019,0.34446,0.12102,0.00135,0.08737
158,1777817726568,Sad,0.3646,0.00477,-6e-05,0.34448,0.11852,0.00115,0.08745,0.35889,0.00494,0.00012,0.34446,0.12027,0.00129,0.0874
159,1777817726602,Sad,0.36478,0.00499,-0.00011,0.34404,0.1181,0.00152,0.08761,0.36066,0.00495,5e-05,0.34434,0.11962,0.00136,0.08746
160,1777817726635,Sad,0.36378,0.00513,-6e-05,0.3437,0.11848,0.00185,0.0876,0.36159,0.00501,2e-05,0.34415,0.11928,0.0015,0.0875
161,1777817726668,Sad,0.36248,0.00508,0.00019,0.34322,0.11834,0.00159,0.08746,0.36186,0.00503,7e-05,0.34387,0.119,0.00153,0.08749
162,1777817726702,Sad,0.36131,0.00513,0.00022,0.34337,0.11847,0.00185,0.08713,0.36169,0.00506,0.00011,0.34372,0.11884,0.00163,0.08738
163,1777817726735,Sad,0.36106,0.0055,8e-05,0.34335,0.11825,0.0016,0.08752,0.3615,0.00519,0.0001,0.34361,0.11866,0.00162,0.08742
164,1777817726801,Sad,0.36186,0.0048,-5e-05,0.34199,0.11765,0.00136,0.08781,0.36161,0.00507,6e-05,0.34312,0.11836,0.00154,0.08754
165,1777817726835,Sad,0.36196,0.00497,-2e-05,0.34186,0.11813,0.00155,0.08795,0.36172,0.00504,4e-05,0.34274,0.11829,0.00154,0.08766
166,1777817726868,Sad,0.36078,0.00533,-0.00023,0.34233,0.1179,0.00151,0.0881,0.36144,0.00513,-5e-05,0.34262,0.11818,0.00153,0.08779
167,1777817726902,Sad,0.36014,0.00548,-7e-05,0.34266,0.11818,0.00162,0.08854,0.36105,0.00524,-5e-05,0.34263,0.11818,0.00156,0.08802
168,1777817726935,Sad,0.36025,0.00575,-0.0001,0.34284,0.11808,0.00192,0.08859,0.36081,0.00539,-7e-05,0.34269,0.11815,0.00167,0.08819
169,1777817727022,Sad,0.36019,0.00537,-0.00026,0.34335,0.11856,0.00224,0.08805,0.36062,0.00538,-0.00012,0.34289,0.11827,0.00184,0.08815
170,1777817727068,Sad,0.32604,0.00518,-0.00041,0.34412,0.12638,0.00284,0.0877,0.35025,0.00532,-0.00021,0.34326,0.1207,0.00214,0.08801
171,1777817727102,Sad,0.31448,0.00446,-5e-05,0.3444,0.12942,0.00359,0.08809,0.33952,0.00506,-0.00016,0.3436,0.12332,0.00257,0.08804
172,1777817727135,Neutral,0.30784,0.00412,0.00028,0.34458,0.13119,0.00391,0.08809,0.33001,0.00478,-3e-05,0.3439,0.12568,0.00297,0.08805
173,1777817727201,Neutral,0.30359,0.00384,0.00275,0.34413,0.13256,0.00493,0.08806,0.32209,0.0045,0.0008,0.34397,0.12774,0.00356,0.08805
174,1777817727235,Neutral,0.30293,0.00331,0.00509,0.34392,0.133,0.00428,0.08812,0.31634,0.00414,0.00209,0.34395,0.12932,0.00378,0.08807
175,1777817727268,Neutral,0.30216,0.00306,0.00813,0.34358,0.13341,0.00489,0.0878,0.31208,0.00382,0.0039,0.34384,0.13055,0.00411,0.08799
176,1777817727301,Neutral,0.29981,0.0029,0.01216,0.34451,0.13411,0.00721,0.08716,0.3084,0.00354,0.00638,0.34404,0.13162,0.00504,0.08774
177,1777817727335,Neutral,0.29314,0.00252,0.01403,0.34549,0.13584,0.00748,0.08685,0.30383,0.00324,0.00867,0.34447,0.13288,0.00577,0.08748
178,1777817727369,Neutral,0.28739,0.00241,0.01277,0.3455,0.13715,0.00702,0.08658,0.29889,0.00299,0.0099,0.34478,0.13416,0.00615,0.08721
179,1777817727434,Neutral,0.28649,0.00215,0.01099,0.34458,0.13799,0.00427,0.08673,0.29517,0.00274,0.01023,0.34472,0.13531,0.00558,0.08707
180,1777817727468,Neutral,0.28681,0.00223,0.00855,0.34382,0.13818,0.00395,0.0866,0.29266,0.00258,0.00973,0.34445,0.13617,0.00509,0.08693
181,1777817727501,Neutral,0.28667,0.00265,0.00556,0.34378,0.13837,0.00425,0.08671,0.29087,0.0026,0.00848,0.34425,0.13683,0.00484,0.08686
182,1777817727535,Neutral,0.28659,0.003,0.00272,0.34352,0.13849,0.00455,0.08686,0.28958,0.00272,0.00675,0.34403,0.13733,0.00475,0.08686
183,1777817727568,Neutral,0.28665,0.00319,0.001,0.34338,0.1387,0.00462,0.0869,0.2887,0.00286,0.00502,0.34384,0.13774,0.00471,0.08687
184,1777817727602,Neutral,0.28699,0.00342,-0.00037,0.34331,0.13883,0.00461,0.08703,0.28819,0.00303,0.00341,0.34368,0.13807,0.00468,0.08692
185,1777817727668,Neutral,0.28562,0.00274,-0.00061,0.34425,0.14031,0.00491,0.08682,0.28742,0.00294,0.0022,0.34385,0.13874,0.00475,0.08689
186,1777817727701,Neutral,0.28601,0.0027,-0.00277,0.34465,0.14071,0.00525,0.08517,0.287,0.00287,0.00071,0.34409,0.13933,0.0049,0.08637
187,1777817727767,Neutral,0.28301,0.00165,-0.00441,0.3475,0.14131,0.00608,0.08209,0.2858,0.00251,-0.00083,0.34511,0.13993,0.00526,0.08509
188,1777817727801,Neutral,0.28435,0.00185,-0.00552,0.34896,0.14156,0.00642,0.08104,0.28537,0.00231,-0.00224,0.34627,0.14042,0.00561,0.08387
189,1777817727835,Neutral,0.2868,0.00211,-0.00607,0.34975,0.14121,0.00654,0.0805,0.2858,0.00225,-0.00339,0.34731,0.14066,0.00589,0.08286
190,1777817727901,Neutral,0.28886,0.00274,-0.00676,0.35081,0.14067,0.00766,0.08033,0.28672,0.0024,-0.0044,0.34836,0.14066,0.00642,0.0821
191,1777817727934,Neutral,0.28882,0.00275,-0.00714,0.35133,0.14077,0.00698,0.07987,0.28735,0.0025,-0.00522,0.34925,0.14069,0.00659,0.08143
192,1777817727968,Neutral,0.2784,0.00293,-0.0066,0.35256,0.13927,0.00719,0.07993,0.28466,0.00263,-0.00563,0.35024,0.14027,0.00677,0.08098
193,1777817728001,Neutral,0.2986,0.00272,-0.00651,0.35374,0.13193,0.00721,0.07911,0.28884,0.00266,-0.0059,0.35129,0.13776,0.0069,0.08042
194,1777817728034,Neutral,0.31827,0.00267,-0.00669,0.35486,0.12676,0.00733,0.07849,0.29767,0.00266,-0.00614,0.35236,0.13446,0.00703,0.07984
195,1777817728068,Neutral,0.32848,0.00289,-0.00743,0.35585,0.12396,0.00758,0.07787,0.30691,0.00273,-0.00652,0.35341,0.13131,0.00719,0.07925
196,1777817728134,Neutral,0.33374,0.00256,-0.00759,0.35704,0.12269,0.00726,0.07769,0.31496,0.00268,-0.00684,0.3545,0.12873,0.00721,0.07878
197,1777817728168,Neutral,0.33436,0.00245,-0.00763,0.3574,0.12238,0.0073,0.07755,0.32078,0.00261,-0.00708,0.35537,0.12682,0.00724,0.07841
198,1777817728201,Neutral,0.33553,0.00235,-0.00766,0.35771,0.1222,0.00717,0.07746,0.32521,0.00253,-0.00726,0.35607,0.12544,0.00722,0.07813
199,1777817728234,Neutral,0.33607,0.00222,-0.00767,0.3581,0.12204,0.00706,0.07743,0.32847,0.00244,-0.00738,0.35668,0.12442,0.00717,0.07792
200,1777817728268,Neutral,0.33748,0.00201,-0.00782,0.35827,0.12165,0.00703,0.07726,0.33117,0.00231,-0.00751,0.35716,0.12359,0.00713,0.07772
201,1777817728302,Sad,0.33851,0.00171,-0.00812,0.35884,0.12119,0.007,0.07678,0.33337,0.00213,-0.0077,0.35766,0.12287,0.00709,0.07744
202,1777817728334,Sad,0.33861,0.00146,-0.00859,0.35894,0.12114,0.00697,0.07583,0.33494,0.00193,-0.00796,0.35804,0.12235,0.00705,0.07695
203,1777817728367,Sad,0.33781,0.00124,-0.00905,0.36024,0.12097,0.00699,0.07542,0.3358,0.00172,-0.00829,0.3587,0.12194,0.00703,0.0765
204,1777817728401,Sad,0.33915,0.00124,-0.00929,0.36302,0.12064,0.00686,0.0748,0.33681,0.00158,-0.00859,0.36,0.12155,0.00698,0.07599
205,1777817728434,Sad,0.34078,0.00123,-0.00939,0.36438,0.12055,0.0068,0.07447,0.338,0.00147,-0.00883,0.36132,0.12125,0.00693,0.07553
206,1777817728468,Sad,0.34293,0.00123,-0.00948,0.36535,0.12008,0.00673,0.07385,0.33948,0.0014,-0.00902,0.36253,0.1209,0.00687,0.07503
207,1777817728535,Sad,0.34385,0.00128,-0.0099,0.37024,0.11944,0.00664,0.07225,0.34079,0.00137,-0.00929,0.36484,0.12046,0.0068,0.07419
208,1777817728601,Sad,0.34467,0.00139,-0.0108,0.37131,0.11871,0.00674,0.07006,0.34195,0.00137,-0.00974,0.36678,0.11993,0.00678,0.07295
209,1777817728634,Sad,0.34579,0.00142,-0.01129,0.37113,0.11858,0.00635,0.06897,0.34311,0.00139,-0.01021,0.36809,0.11953,0.00665,0.07176
210,1777817728667,Sad,0.34423,0.00138,-0.01135,0.3712,0.11856,0.00595,0.06795,0.34344,0.00139,-0.01055,0.36902,0.11924,0.00644,0.07062
211,1777817728701,Sad,0.34301,0.00145,-0.01133,0.37193,0.11853,0.00538,0.06793,0.34331,0.0014,-0.01078,0.36989,0.11903,0.00612,0.06981
212,1777817728734,Sad,0.34316,0.0018,-0.01129,0.37211,0.11883,0.00538,0.06745,0.34327,0.00152,-0.01094,0.37056,0.11897,0.0059,0.0691
213,1777817728768,Sad,0.34447,0.00216,-0.01124,0.3724,0.11837,0.00534,0.0677,0.34363,0.00171,-0.01103,0.37111,0.11879,0.00573,0.06868
214,1777817728834,Sad,0.34681,0.00267,-0.01113,0.37261,0.11814,0.00544,0.06724,0.34458,0.002,-0.01106,0.37156,0.1186,0.00565,0.06825
215,1777817728867,Sad,0.34788,0.00278,-0.01106,0.37273,0.11785,0.00524,0.06722,0.34557,0.00224,-0.01106,0.37191,0.11837,0.00552,0.06794
216,1777817728900,Sad,0.34839,0.00301,-0.01099,0.37268,0.11802,0.00546,0.06735,0.34642,0.00247,-0.01104,0.37214,0.11827,0.0055,0.06776
217,1777817728934,Sad,0.34926,0.00323,-0.01103,0.3727,0.11801,0.00549,0.06746,0.34727,0.0027,-0.01104,0.37231,0.11819,0.0055,0.06767
218,1777817728967,Sad,0.35009,0.00357,-0.01077,0.37272,0.11829,0.00533,0.06756,0.34812,0.00296,-0.01096,0.37243,0.11822,0.00545,0.06764
219,1777817729002,Sad,0.35021,0.00345,-0.01072,0.3727,0.11901,0.00519,0.06741,0.34875,0.00311,-0.01088,0.37251,0.11846,0.00537,0.06757
220,1777817729067,Sad,0.35019,0.0034,-0.01068,0.37398,0.12251,0.00505,0.06699,0.34918,0.00319,-0.01082,0.37295,0.11967,0.00527,0.0674
221,1777817729101,Sad,0.35096,0.00333,-0.01081,0.37411,0.12354,0.00497,0.06688,0.34971,0.00323,-0.01082,0.3733,0.12083,0.00518,0.06724
222,1777817729134,Sad,0.35152,0.00322,-0.01081,0.3743,0.12442,0.00484,0.06674,0.35025,0.00323,-0.01082,0.3736,0.12191,0.00508,0.06709
223,1777817729167,Sad,0.35182,0.00313,-0.01087,0.37447,0.12473,0.00487,0.06665,0.35073,0.0032,-0.01083,0.37386,0.12275,0.00502,0.06696
224,1777817729201,Sad,0.3541,0.00292,-0.01098,0.37483,0.1243,0.00492,0.06654,0.35174,0.00312,-0.01088,0.37415,0.12322,0.00499,0.06683
225,1777817729234,Sad,0.35743,0.00305,-0.01105,0.37442,0.12381,0.00511,0.0664,0.35345,0.00309,-0.01093,0.37423,0.1234,0.00503,0.0667
226,1777817729267,Sad,0.35687,0.00314,-0.01102,0.37449,0.12389,0.00515,0.06647,0.35447,0.00311,-0.01096,0.37431,0.12354,0.00506,0.06663
227,1777817729301,Sad,0.3564,0.0027,-0.01117,0.3748,0.12431,0.0049,0.06684,0.35505,0.00299,-0.01102,0.37446,0.12377,0.00501,0.0667
228,1777817729334,Sad,0.35539,0.00238,-0.01122,0.37506,0.12444,0.00507,0.06731,0.35515,0.0028,-0.01108,0.37464,0.12397,0.00503,0.06688
229,1777817729367,Sad,0.35421,0.00213,-0.01146,0.37516,0.12452,0.00509,0.06724,0.35487,0.0026,-0.01119,0.3748,0.12414,0.00505,0.06699
230,1777817729401,Sad,0.35447,0.0022,-0.01139,0.3748,0.12442,0.00488,0.06722,0.35475,0.00248,-0.01125,0.3748,0.12422,0.005,0.06706
231,1777817729434,Sad,0.35416,0.00205,-0.01153,0.37491,0.12427,0.00468,0.06729,0.35457,0.00235,-0.01133,0.37483,0.12424,0.0049,0.06713
232,1777817729468,Sad,0.35419,0.002,-0.01142,0.37512,0.12397,0.00396,0.06762,0.35446,0.00225,-0.01136,0.37492,0.12415,0.00462,0.06728
233,1777817729501,Sad,0.35361,0.00192,-0.01135,0.37491,0.12395,0.0037,0.06785,0.3542,0.00215,-0.01136,0.37492,0.12409,0.00434,0.06745
234,1777817729534,Sad,0.35413,0.00191,-0.01121,0.37459,0.12386,0.00371,0.06811,0.35418,0.00208,-0.01131,0.37482,0.12402,0.00415,0.06765
235,1777817729600,Sad,0.35356,0.00203,-0.01122,0.37396,0.1237,0.00336,0.06828,0.354,0.00206,-0.01128,0.37456,0.12393,0.00392,0.06784
236,1777817729667,Sad,0.3558,0.00181,-0.0112,0.3734,0.12317,0.00327,0.06843,0.35454,0.00199,-0.01126,0.37421,0.1237,0.00372,0.06801
237,1777817729701,Sad,0.35595,0.00178,-0.01107,0.37308,0.12307,0.00313,0.06861,0.35496,0.00193,-0.0112,0.37387,0.12351,0.00354,0.06819
238,1777817729734,Sad,0.35517,0.00171,-0.0111,0.37316,0.123,0.00303,0.06877,0.35502,0.00186,-0.01117,0.37366,0.12336,0.00339,0.06837
239,1777817729767,Sad,0.35406,0.00163,-0.01108,0.37272,0.12316,0.00295,0.06882,0.35473,0.00179,-0.01114,0.37338,0.1233,0.00326,0.0685
240,1777817729801,Sad,0.3542,0.00154,-0.0112,0.3726,0.12306,0.00288,0.06895,0.35457,0.00172,-0.01116,0.37314,0.12323,0.00314,0.06864
241,1777817729834,Sad,0.35366,0.0015,-0.01131,0.37275,0.12317,0.0028,0.06889,0.3543,0.00165,-0.01121,0.37303,0.12321,0.00304,0.06871
242,1777817729867,Sad,0.35356,0.00147,-0.01143,0.37274,0.12291,0.00262,0.0689,0.35408,0.0016,-0.01127,0.37294,0.12312,0.00291,0.06877
243,1777817729901,Sad,0.3525,0.00133,-0.01142,0.37294,0.12293,0.00259,0.06895,0.35361,0.00152,-0.01132,0.37294,0.12306,0.00282,0.06882
244,1777817729934,Sad,0.35329,0.00139,-0.01127,0.373,0.12269,0.00241,0.06909,0.35351,0.00148,-0.0113,0.37296,0.12295,0.00269,0.0689
245,1777817729967,Sad,0.35354,0.00149,-0.01133,0.37324,0.1225,0.00268,0.06898,0.35352,0.00148,-0.01131,0.37304,0.12281,0.00269,0.06893
246,1777817730000,Sad,0.35424,0.0016,-0.01113,0.37314,0.12224,0.00257,0.06888,0.35374,0.00152,-0.01126,0.37307,0.12264,0.00265,0.06891
247,1777817730033,Sad,0.35481,0.00157,-0.01105,0.37223,0.1217,0.00259,0.06865,0.35406,0.00153,-0.01119,0.37282,0.12236,0.00264,0.06883
248,1777817730067,Sad,0.35431,0.00186,-0.01055,0.37199,0.1213,0.00275,0.06889,0.35413,0.00163,-0.011,0.37257,0.12204,0.00267,0.06885
249,1777817730101,Sad,0.35451,0.00186,-0.01082,0.37159,0.12135,0.0029,0.06914,0.35424,0.0017,-0.01095,0.37228,0.12183,0.00274,0.06894
250,1777817730134,Sad,0.35271,0.00174,-0.01089,0.37175,0.12161,0.00278,0.06931,0.35378,0.00171,-0.01093,0.37212,0.12177,0.00275,0.06905
251,1777817730168,Sad,0.35151,0.00176,-0.01063,0.37159,0.12165,0.00276,0.06971,0.3531,0.00173,-0.01084,0.37196,0.12173,0.00275,0.06925
252,1777817730233,Sad,0.3505,0.00187,-0.01012,0.3719,0.12144,0.0026,0.06991,0.35232,0.00177,-0.01062,0.37194,0.12164,0.00271,0.06945
253,1777817730267,Sad,0.34991,0.00183,-0.00993,0.37203,0.12142,0.00273,0.06996,0.3516,0.00179,-0.01042,0.37197,0.12158,0.00271,0.0696
254,1777817730300,Sad,0.34947,0.00189,-0.00973,0.3721,0.12153,0.00261,0.0701,0.35096,0.00182,-0.01021,0.37201,0.12156,0.00268,0.06975
255,1777817730334,Sad,0.34924,0.00202,-0.00965,0.37211,0.12158,0.0025,0.07011,0.35045,0.00188,-0.01004,0.37204,0.12157,0.00263,0.06986
256,1777817730367,Sad,0.34889,0.00199,-0.00989,0.37211,0.12162,0.00257,0.06997,0.34998,0.00191,-0.01,0.37206,0.12159,0.00261,0.06989
257,1777817730401,Sad,0.34845,0.00204,-0.0099,0.37161,0.12169,0.00246,0.07003,0.34952,0.00195,-0.00997,0.37193,0.12162,0.00257,0.06994
258,1777817730466,Sad,0.34818,0.00188,-0.00998,0.37092,0.12181,0.0026,0.07021,0.34912,0.00193,-0.00997,0.37162,0.12168,0.00258,0.07002
259,1777817730500,Sad,0.34814,0.00187,-0.00981,0.37048,0.12173,0.00258,0.07051,0.34883,0.00191,-0.00992,0.37128,0.12169,0.00258,0.07017
260,1777817730533,Sad,0.34844,0.00177,-0.00969,0.3698,0.12178,0.00262,0.07077,0.34871,0.00187,-0.00985,0.37084,0.12172,0.00259,0.07035
261,1777817730567,Sad,0.3484,0.00172,-0.00959,0.36909,0.12175,0.00249,0.07092,0.34862,0.00182,-0.00977,0.37031,0.12173,0.00256,0.07052
262,1777817730600,Sad,0.34846,0.00159,-0.00961,0.36795,0.12167,0.00256,0.07107,0.34857,0.00175,-0.00973,0.3696,0.12171,0.00256,0.07068
263,1777817730634,Sad,0.34883,0.00154,-0.0096,0.36708,0.12149,0.00274,0.07139,0.34865,0.00169,-0.00969,0.36885,0.12165,0.00262,0.07089
264,1777817730700,Sad,0.34971,0.00155,-0.00736,0.36033,0.12091,0.0035,0.07598,0.34897,0.00165,-0.00899,0.36629,0.12143,0.00288,0.07242
265,1777817730733,Sad,0.35006,0.00175,-0.00585,0.35577,0.12085,0.00418,0.07917,0.3493,0.00168,-0.00805,0.36313,0.12125,0.00327,0.07445
266,1777817730767,Sad,0.35061,0.002,-0.00508,0.35077,0.12069,0.00478,0.08071,0.34969,0.00178,-0.00716,0.35943,0.12109,0.00372,0.07633
267,1777817730800,Sad,0.35109,0.00232,-0.0039,0.34681,0.12046,0.00469,0.08118,0.35011,0.00194,-0.00618,0.35564,0.1209,0.00401,0.07778
268,1777817730833,Sad,0.35121,0.00235,-0.00103,0.3441,0.12045,0.00514,0.08069,0.35044,0.00206,-0.00463,0.35218,0.12076,0.00435,0.07866
269,1777817730867,Sad,0.35125,0.0026,0.00579,0.34516,0.12012,0.00386,0.07893,0.35068,0.00223,-0.00151,0.35007,0.12057,0.0042,0.07874
270,1777817730900,Sad,0.35009,0.0996,-0.00146,0.34872,0.11942,0.00417,0.07045,0.3505,0.03144,-0.00149,0.34967,0.12023,0.00419,0.07625
271,1777817730933,Sad,0.34775,0.17805,-0.00225,0.36745,0.1189,0.003,0.06607,0.34968,0.07542,-0.00172,0.355,0.11983,0.00383,0.0732
272,1777817730966,Sad,0.34557,0.19899,0.00047,0.39518,0.11871,0.00189,0.06266,0.34844,0.11249,-0.00106,0.36706,0.11949,0.00325,0.07003
273,1777817730999,Sad,0.34251,0.2153,0.00101,0.41396,0.11872,0.00408,0.06029,0.34666,0.14334,-0.00044,0.38113,0.11926,0.0035,0.06711
274,1777817731033,Sad,0.33874,0.22628,0.00044,0.42566,0.11869,0.00387,0.05755,0.34429,0.16822,-0.00018,0.39449,0.11909,0.00361,0.06424
275,1777817731066,Sad,0.3279,0.2304,0.00275,0.43513,0.11882,0.00503,0.05614,0.33937,0.18687,0.0007,0.40668,0.11901,0.00404,0.06181
276,1777817731101,Sad,0.31807,0.23349,0.004,0.4415,0.11892,0.0055,0.05581,0.33298,0.20086,0.00169,0.41713,0.11898,0.00448,0.06001
277,1777817731167,Neutral,0.30875,0.23081,0.00906,0.45338,0.11902,0.00548,0.05532,0.32571,0.20985,0.0039,0.428,0.119,0.00478,0.0586
278,1777817731200,Neutral,0.30605,0.23133,0.01014,0.45725,0.11898,0.00516,0.05546,0.31981,0.21629,0.00577,0.43678,0.11899,0.00489,0.05766
279,1777817731233,Neutral,0.30472,0.2276,0.01142,0.46017,0.11889,0.00534,0.05563,0.31528,0.21968,0.00747,0.44379,0.11896,0.00503,0.05705
280,1777817731266,Neutral,0.3038,0.22644,0.0117,0.46099,0.11874,0.00484,0.05584,0.31184,0.22171,0.00874,0.44895,0.11889,0.00497,0.05669
281,1777817731300,Neutral,0.30325,0.22447,0.01143,0.46303,0.11854,0.00434,0.05617,0.30926,0.22254,0.00954,0.45317,0.11879,0.00478,0.05653
282,1777817731334,Neutral,0.30185,0.22293,0.01129,0.46519,0.11836,0.0034,0.0563,0.30704,0.22266,0.01007,0.45678,0.11866,0.00437,0.05646
283,1777817731367,Neutral,0.30072,0.22205,0.01113,0.46776,0.11772,0.00295,0.05638,0.30514,0.22247,0.01039,0.46007,0.11838,0.00394,0.05644
284,1777817731400,Neutral,0.29896,0.2229,0.01064,0.46795,0.11744,0.0031,0.05634,0.30329,0.2226,0.01046,0.46244,0.11809,0.00369,0.05641
285,1777817731433,Neutral,0.29776,0.22209,0.0103,0.4682,0.11708,0.00312,0.0564,0.30163,0.22245,0.01041,0.46416,0.11779,0.00352,0.05641
286,1777817731466,Neutral,0.29704,0.22139,0.01025,0.46899,0.11698,0.00327,0.05651,0.30025,0.22213,0.01036,0.46561,0.11755,0.00345,0.05644
287,1777817731500,Neutral,0.2967,0.22103,0.01004,0.46961,0.11687,0.00333,0.05657,0.29919,0.2218,0.01027,0.46681,0.11734,0.00341,0.05648
288,1777817731533,Neutral,0.29677,0.22066,0.00987,0.46991,0.11699,0.00332,0.05661,0.29846,0.22146,0.01015,0.46774,0.11724,0.00338,0.05652
289,1777817731567,Neutral,0.29754,0.22098,0.00976,0.47025,0.11692,0.00331,0.05662,0.29818,0.22132,0.01003,0.46849,0.11714,0.00336,0.05655
290,1777817731633,Neutral,0.29812,0.2202,0.00966,0.47136,0.11657,0.00331,0.05643,0.29816,0.22098,0.00992,0.46935,0.11697,0.00335,0.05651
291,1777817731667,Neutral,0.29763,0.2202,0.00966,0.47145,0.11658,0.00328,0.05633,0.29801,0.22075,0.00984,0.46998,0.11685,0.00333,0.05646
292,1777817731700,Neutral,0.29704,0.22018,0.00956,0.47124,0.11653,0.00347,0.05604,0.29772,0.22058,0.00976,0.47036,0.11676,0.00337,0.05633
293,1777817731732,Neutral,0.29617,0.21998,0.00955,0.47096,0.11639,0.00355,0.05562,0.29725,0.2204,0.0097,0.47054,0.11665,0.00342,0.05612
294,1777817731766,Neutral,0.29625,0.22069,0.00956,0.47124,0.1163,0.00353,0.05518,0.29695,0.22049,0.00965,0.47075,0.11654,0.00346,0.05584
295,1777817731833,Neutral,0.26502,0.22461,0.00858,0.47242,0.12395,0.00182,0.05494,0.28737,0.22172,0.00933,0.47125,0.11876,0.00297,0.05557
296,1777817731866,Neutral,0.22726,0.22686,0.00819,0.47342,0.13397,0.00133,0.0548,0.26934,0.22326,0.00899,0.4719,0.12332,0.00248,0.05534
297,1777817731900,Neutral,0.21414,0.2279,0.0081,0.47438,0.13832,0.0008,0.05443,0.25278,0.22466,0.00872,0.47265,0.12782,0.00197,0.05506
298,1777817731933,Neutral,0.21741,0.22803,0.00808,0.47476,0.13858,0.00039,0.05411,0.24217,0.22567,0.00853,0.47328,0.13105,0.0015,0.05478
299,1777817731966,Neutral,0.22195,0.2266,0.0084,0.47519,0.13834,0.00025,0.0541,0.2361,0.22595,0.00849,0.47385,0.13324,0.00112,0.05457
300,1777817731999,Neutral,0.22726,0.2266,0.00833,0.47541,0.13754,0.00025,0.05393,0.23345,0.22614,0.00844,0.47432,0.13453,0.00086,0.05438
301,1777817732033,Neutral,0.23168,0.22617,0.00814,0.47595,0.13685,0.00061,0.05361,0.23292,0.22615,0.00835,0.47481,0.13522,0.00079,0.05415
302,1777817732066,Neutral,0.23494,0.22617,0.00811,0.47628,0.13611,0.00075,0.05358,0.23352,0.22616,0.00828,0.47525,0.13549,0.00078,0.05398
303,1777817732100,Neutral,0.23677,0.22608,0.0081,0.47652,0.13565,0.00094,0.05357,0.2345,0.22613,0.00823,0.47563,0.13554,0.00082,0.05385
304,1777817732133,Neutral,0.23893,0.2277,0.00803,0.47684,0.1351,0.00099,0.0537,0.23583,0.2266,0.00817,0.47599,0.13541,0.00087,0.05381
305,1777817732166,Neutral,0.24104,0.22883,0.00782,0.47759,0.1347,0.00081,0.05384,0.23739,0.22727,0.00806,0.47647,0.1352,0.00085,0.05382
306,1777817732199,Neutral,0.24217,0.23033,0.00764,0.47779,0.13435,0.00049,0.0541,0.23882,0.22819,0.00794,0.47687,0.13494,0.00075,0.0539
307,1777817732267,Neutral,0.24273,0.23156,0.00723,0.47852,0.13372,0.00051,0.05496,0.23999,0.2292,0.00773,0.47737,0.13457,0.00067,0.05422
308,1777817732332,Neutral,0.27005,0.23602,0.00696,0.47894,0.12432,0.00057,0.05504,0.24901,0.23124,0.0075,0.47784,0.1315,0.00064,0.05447
309,1777817732365,Neutral,0.28049,0.23817,0.0068,0.47881,0.12103,0.0004,0.05516,0.25845,0.23332,0.00729,0.47813,0.12836,0.00057,0.05468
310,1777817732399,Neutral,0.28628,0.24084,0.00666,0.47902,0.11895,0.00034,0.05529,0.2668,0.23558,0.0071,0.4784,0.12554,0.0005,0.05486
311,1777817732434,Neutral,0.29056,0.24313,0.00644,0.47934,0.11745,4e-05,0.05534,0.27393,0.23784,0.0069,0.47868,0.12311,0.00036,0.055
312,1777817732500,Neutral,0.2922,0.24554,0.00613,0.4795,0.11611,0.00048,0.05539,0.27941,0.24015,0.00667,0.47893,0.12101,0.0004,0.05512
313,1777817732566,Neutral,0.29406,0.24794,0.00567,0.47957,0.11516,0.00045,0.0552,0.28381,0.24249,0.00637,0.47912,0.11925,0.00041,0.05514
314,1777817732599,Neutral,0.29544,0.24754,0.00565,0.47985,0.11442,0.00039,0.05524,0.2873,0.244,0.00615,0.47934,0.11781,0.00041,0.05517
315,1777817732633,Neutral,0.29719,0.24673,0.00578,0.4805,0.11364,0.00041,0.05544,0.29026,0.24482,0.00604,0.47969,0.11656,0.00041,0.05525
316,1777817732666,Neutral,0.29783,0.24594,0.00603,0.48092,0.11325,0.00041,0.05571,0.29253,0.24516,0.00604,0.48006,0.11556,0.00041,0.05539
317,1777817732699,Neutral,0.29777,0.2435,0.00663,0.4812,0.11264,0.00031,0.05588,0.2941,0.24466,0.00622,0.4804,0.11469,0.00038,0.05554
318,1777817732733,Neutral,0.29777,0.2426,0.00698,0.48154,0.11225,0.00014,0.05598,0.29521,0.24404,0.00645,0.48074,0.11396,0.00031,0.05567
319,1777817732766,Neutral,0.29984,0.24127,0.00749,0.4822,0.1114,0.00015,0.05591,0.29659,0.24321,0.00676,0.48118,0.11319,0.00026,0.05574
320,1777817732799,Neutral,0.3014,0.24032,0.00807,0.48241,0.11091,0.00074,0.05602,0.29804,0.24234,0.00715,0.48155,0.11251,0.0004,0.05583
321,1777817732832,Neutral,0.30297,0.23807,0.00895,0.48263,0.1104,0.00125,0.0561,0.29952,0.24106,0.00769,0.48187,0.11187,0.00066,0.05591
322,1777817732866,Neutral,0.3035,0.23556,0.00975,0.48289,0.10982,0.00159,0.05632,0.30071,0.23941,0.00831,0.48218,0.11126,0.00094,0.05603
323,1777817732899,Neutral,0.30413,0.23253,0.01064,0.48292,0.10914,0.00196,0.05635,0.30174,0.23735,0.00901,0.4824,0.11062,0.00124,0.05613
324,1777817732932,Neutral,0.30333,0.22909,0.01146,0.48295,0.10959,0.00269,0.05642,0.30221,0.23487,0.00974,0.48257,0.11031,0.00168,0.05621
325,1777817732966,Neutral,0.28792,0.22663,0.01202,0.48306,0.11378,0.00318,0.05585,0.29793,0.2324,0.01043,0.48271,0.11135,0.00213,0.05611
326,1777817733033,Neutral,0.2466,0.22077,0.01338,0.48376,0.12615,0.00401,0.05692,0.28253,0.22891,0.01131,0.48303,0.11579,0.00269,0.05635
327,1777817733066,Happy,0.23402,0.21836,0.01416,0.48438,0.12923,0.0041,0.05636,0.26798,0.22574,0.01217,0.48343,0.11982,0.00311,0.05635
328,1777817733099,Happy,0.2334,0.21494,0.0151,0.48449,0.12974,0.00406,0.05612,0.2576,0.2225,0.01304,0.48375,0.1228,0.0034,0.05628
329,1777817733132,Happy,0.23411,0.21492,0.01505,0.48382,0.12999,0.00439,0.05602,0.25055,0.22023,0.01365,0.48377,0.12496,0.0037,0.0562
330,1777817733166,Happy,0.23446,0.21752,0.01473,0.48361,0.12953,0.00448,0.05573,0.24573,0.21942,0.01397,0.48372,0.12633,0.00393,0.05606
331,1777817733200,Happy,0.23542,0.21991,0.01416,0.48399,0.12918,0.00384,0.05559,0.24264,0.21957,0.01403,0.4838,0.12719,0.0039,0.05592
332,1777817733266,Happy,0.23602,0.22238,0.01323,0.4843,0.1286,0.0048,0.0562,0.24065,0.22041,0.01379,0.48395,0.12761,0.00417,0.05601
333,1777817733299,Happy,0.23685,0.22232,0.01319,0.48449,0.12836,0.00513,0.05621,0.23951,0.22098,0.01361,0.48412,0.12784,0.00446,0.05607
334,1777817733332,Happy,0.23904,0.22325,0.01263,0.48533,0.12818,0.00504,0.05614,0.23937,0.22166,0.01332,0.48448,0.12794,0.00464,0.05609
335,1777817733366,Happy,0.23927,0.22419,0.01246,0.4853,0.12822,0.00504,0.05616,0.23934,0.22242,0.01306,0.48472,0.12802,0.00476,0.05611
336,1777817733398,Happy,0.24172,0.22553,0.0126,0.48569,0.12643,0.00456,0.05641,0.24005,0.22335,0.01292,0.48502,0.12755,0.0047,0.0562
337,1777817733433,Happy,0.25699,0.22481,0.0127,0.48538,0.12248,0.0039,0.05714,0.24513,0.22379,0.01285,0.48513,0.12603,0.00446,0.05648
338,1777817733466,Happy,0.27397,0.22574,0.01242,0.48555,0.11839,0.00455,0.05743,0.25379,0.22438,0.01273,0.48525,0.12373,0.00449,0.05677
339,1777817733499,Happy,0.28492,0.22331,0.01236,0.48526,0.11552,0.00499,0.05765,0.26313,0.22406,0.01262,0.48525,0.12127,0.00464,0.05703
340,1777817733566,Happy,0.29156,0.22518,0.0115,0.48539,0.11279,0.00608,0.05801,0.27166,0.22439,0.01228,0.4853,0.11873,0.00507,0.05733
341,1777817733632,Happy,0.29381,0.22046,0.01122,0.4846,0.11116,0.00617,0.05795,0.2783,0.22321,0.01196,0.48509,0.11646,0.0054,0.05751
342,1777817733666,Happy,0.29379,0.21988,0.01146,0.48459,0.11063,0.00535,0.05796,0.28295,0.22221,0.01181,0.48494,0.11471,0.00539,0.05765
343,1777817733699,Happy,0.29408,0.22069,0.01141,0.4847,0.11019,0.00546,0.05791,0.28629,0.22176,0.01169,0.48487,0.11335,0.00541,0.05772
344,1777817733732,Neutral,0.29632,0.22108,0.0114,0.48464,0.10955,0.00498,0.05789,0.2893,0.22155,0.0116,0.4848,0.11221,0.00528,0.05777
345,1777817733766,Neutral,0.29667,0.22228,0.01128,0.48462,0.1093,0.00496,0.05789,0.29151,0.22177,0.01151,0.48474,0.11134,0.00518,0.05781
346,1777817733799,Neutral,0.29743,0.22069,0.01155,0.48473,0.10879,0.00547,0.05765,0.29329,0.22144,0.01152,0.48474,0.11057,0.00527,0.05776
347,1777817733832,Neutral,0.29745,0.21961,0.01132,0.4847,0.10888,0.00541,0.05756,0.29454,0.22089,0.01146,0.48473,0.11007,0.00531,0.0577
348,1777817733865,Neutral,0.29862,0.21957,0.01146,0.4848,0.10881,0.00507,0.05787,0.29576,0.2205,0.01146,0.48475,0.10969,0.00524,0.05775
349,1777817733899,Neutral,0.29789,0.21891,0.01147,0.48478,0.1087,0.00482,0.0579,0.2964,0.22002,0.01146,0.48476,0.10939,0.00511,0.0578
350,1777817733932,Neutral,0.29735,0.21945,0.01157,0.48484,0.10872,0.00474,0.05808,0.29669,0.21985,0.0115,0.48479,0.10919,0.005,0.05788
351,1777817733965,Neutral,0.29725,0.21973,0.01168,0.48441,0.10866,0.00475,0.05798,0.29685,0.21981,0.01155,0.48467,0.10903,0.00492,0.05791
352,1777817733999,Neutral,0.29701,0.22027,0.01166,0.48392,0.10866,0.00485,0.05796,0.2969,0.21995,0.01158,0.48445,0.10892,0.0049,0.05793
353,1777817734066,Neutral,0.29662,0.22044,0.01167,0.48341,0.10822,0.0049,0.0579,0.29682,0.2201,0.01161,0.48413,0.10871,0.0049,0.05792
354,1777817734099,Neutral,0.29753,0.22046,0.01164,0.48333,0.10805,0.00496,0.05789,0.29703,0.22021,0.01162,0.48389,0.10851,0.00492,0.05791
355,1777817734132,Neutral,0.29824,0.22014,0.0116,0.4833,0.10784,0.00494,0.05788,0.29739,0.22018,0.01161,0.48372,0.10831,0.00492,0.0579
356,1777817734165,Neutral,0.29987,0.21974,0.01154,0.48329,0.10764,0.00497,0.0579,0.29814,0.22005,0.01159,0.48359,0.10811,0.00494,0.0579
357,1777817734199,Neutral,0.29914,0.21979,0.01152,0.48299,0.10777,0.00522,0.05784,0.29844,0.21997,0.01157,0.48341,0.10801,0.00502,0.05788
358,1777817734233,Neutral,0.28934,0.21868,0.01171,0.48298,0.11006,0.00532,0.05777,0.29571,0.21959,0.01161,0.48328,0.10862,0.00511,0.05785
359,1777817734299,Happy,0.20694,0.2179,0.0119,0.48214,0.12812,0.00542,0.05756,0.26908,0.21908,0.0117,0.48294,0.11447,0.0052,0.05777
360,1777817734332,Happy,0.19704,0.21579,0.0132,0.48229,0.13033,0.00382,0.057,0.24746,0.21809,0.01215,0.48274,0.11923,0.00479,0.05754
361,1777817734366,Happy,0.20001,0.21258,0.01349,0.48229,0.13009,0.00281,0.05623,0.23323,0.21644,0.01255,0.48261,0.12249,0.00419,0.05714
362,1777817734399,Happy,0.20612,0.21144,0.01402,0.48307,0.12981,0.00247,0.05654,0.2251,0.21494,0.01299,0.48274,0.12469,0.00368,0.05696
363,1777817734465,Happy,0.20903,0.21425,0.01333,0.48368,0.13026,0.00198,0.05651,0.22028,0.21473,0.01309,0.48303,0.12636,0.00317,0.05683
364,1777817734499,Happy,0.2105,0.21556,0.0127,0.4834,0.13043,0.00223,0.05685,0.21734,0.21498,0.01298,0.48314,0.12758,0.00289,0.05683
365,1777817734532,Happy,0.21441,0.21512,0.01239,0.48354,0.13025,0.00239,0.05684,0.21646,0.21502,0.0128,0.48326,0.12838,0.00274,0.05684
366,1777817734566,Happy,0.22033,0.21519,0.0124,0.48361,0.1294,0.00247,0.05708,0.21762,0.21507,0.01268,0.48337,0.12869,0.00266,0.05691
367,1777817734600,Happy,0.22693,0.21508,0.01219,0.48401,0.12847,0.00247,0.05693,0.22042,0.21508,0.01254,0.48356,0.12862,0.0026,0.05691
368,1777817734667,Happy,0.23649,0.21455,0.01279,0.48524,0.1265,0.0019,0.0567,0.22524,0.21492,0.01261,0.48406,0.12798,0.00239,0.05685
369,1777817734732,Happy,0.24921,0.21533,0.01285,0.48533,0.12433,0.00137,0.05748,0.23243,0.21504,0.01268,0.48444,0.12689,0.00208,0.05704
370,1777817734765,Happy,0.25646,0.21602,0.01275,0.48535,0.12371,0.00146,0.05783,0.23964,0.21533,0.0127,0.48472,0.12593,0.0019,0.05728
371,1777817734798,Happy,0.26123,0.21577,0.01272,0.48511,0.12288,0.00177,0.05788,0.24612,0.21547,0.01271,0.48483,0.12502,0.00186,0.05746
372,1777817734832,Happy,0.26384,0.2156,0.01275,0.48499,0.12251,0.00221,0.05811,0.25143,0.2155,0.01272,0.48488,0.12427,0.00196,0.05765
373,1777817734900,Happy,0.26925,0.21609,0.01231,0.4848,0.12131,0.00315,0.058,0.25678,0.21568,0.0126,0.48486,0.12338,0.00232,0.05776
374,1777817734932,Happy,0.26994,0.21744,0.01181,0.48447,0.1213,0.00351,0.05823,0.26073,0.21621,0.01236,0.48474,0.12276,0.00268,0.0579
375,1777817734966,Happy,0.27028,0.21722,0.01172,0.48403,0.12126,0.00354,0.05861,0.26359,0.21651,0.01217,0.48453,0.12231,0.00293,0.05811
376,1777817735032,Happy,0.26323,0.21688,0.01142,0.48262,0.11963,0.00315,0.05875,0.26348,0.21662,0.01194,0.48395,0.1215,0.003,0.0583
377,1777817735066,Neutral,0.26414,0.21781,0.01078,0.48197,0.11705,0.00302,0.05897,0.26368,0.21698,0.01159,0.48336,0.12017,0.00301,0.0585
378,1777817735134,Neutral,0.27942,0.21881,0.01038,0.48099,0.11331,0.00305,0.05861,0.2684,0.21753,0.01123,0.48265,0.11811,0.00302,0.05854
379,1777817735199,Neutral,0.28727,0.22007,0.00999,0.48054,0.11153,0.00331,0.05872,0.27406,0.21829,0.01086,0.48201,0.11613,0.00311,0.05859
380,1777817735232,Neutral,0.28888,0.22026,0.00997,0.47973,0.11087,0.00344,0.05847,0.27851,0.21888,0.01059,0.48133,0.11456,0.00321,0.05856
381,1777817735298,Neutral,0.28982,0.22065,0.00975,0.47971,0.11062,0.0036,0.05866,0.2819,0.21941,0.01034,0.48084,0.11338,0.00332,0.05859
382,1777817735332,Neutral,0.29179,0.22119,0.00965,0.47882,0.11039,0.00369,0.05838,0.28487,0.21995,0.01013,0.48024,0.11248,0.00343,0.05853
383,1777817735366,Neutral,0.29245,0.22153,0.0096,0.47849,0.1105,0.00384,0.05825,0.28714,0.22042,0.00997,0.47971,0.11189,0.00356,0.05844
384,1777817735431,Neutral,0.29287,0.22166,0.00961,0.47807,0.11041,0.00416,0.05783,0.28886,0.22079,0.00986,0.47922,0.11145,0.00374,0.05826
385,1777817735464,Neutral,0.2925,0.22137,0.00964,0.47798,0.11055,0.00418,0.05799,0.28995,0.22096,0.0098,0.47885,0.11118,0.00387,0.05818
386,1777817735498,Neutral,0.29286,0.22052,0.00964,0.47752,0.11051,0.00419,0.05782,0.29082,0.22083,0.00975,0.47845,0.11098,0.00397,0.05807
387,1777817735532,Neutral,0.29151,0.21965,0.00967,0.47718,0.11074,0.00433,0.05778,0.29103,0.22048,0.00973,0.47807,0.1109,0.00408,0.05798
388,1777817735598,Neutral,0.2856,0.21901,0.0097,0.47577,0.11225,0.00432,0.05752,0.2894,0.22004,0.00972,0.47738,0.11131,0.00415,0.05784
389,1777817735631,Neutral,0.28436,0.21699,0.00991,0.47589,0.11249,0.0042,0.05729,0.28789,0.21912,0.00978,0.47693,0.11166,0.00416,0.05768
390,1777817735664,Neutral,0.28393,0.21436,0.01027,0.4755,0.11255,0.00427,0.05687,0.2867,0.21769,0.00992,0.4765,0.11193,0.0042,0.05744
391,1777817735698,Neutral,0.28369,0.21262,0.01061,0.4753,0.11263,0.00422,0.05676,0.2858,0.21617,0.01013,0.47614,0.11214,0.0042,0.05723
392,1777817735731,Neutral,0.28353,0.21176,0.0109,0.47498,0.11268,0.00405,0.05672,0.28512,0.21485,0.01036,0.47579,0.1123,0.00416,0.05708
393,1777817735765,Neutral,0.28423,0.21169,0.01103,0.4745,0.1126,0.00396,0.05663,0.28485,0.2139,0.01056,0.4754,0.11239,0.0041,0.05694
394,1777817735832,Neutral,0.28768,0.21024,0.01117,0.47374,0.11178,0.00392,0.05655,0.2857,0.2128,0.01075,0.47491,0.11221,0.00405,0.05682
395,1777817735897,Neutral,0.29031,0.20993,0.01115,0.47278,0.11121,0.00391,0.0565,0.28708,0.21194,0.01087,0.47427,0.11191,0.00401,0.05673
396,1777817735931,Neutral,0.29101,0.20884,0.01123,0.47236,0.11112,0.00401,0.05651,0.28826,0.21101,0.01098,0.4737,0.11167,0.00401,0.05666
397,1777817735999,Neutral,0.29256,0.20818,0.01138,0.47206,0.11035,0.00394,0.05655,0.28955,0.21016,0.0111,0.47321,0.11127,0.00399,0.05663
398,1777817736066,Neutral,0.29248,0.20701,0.01153,0.47183,0.11022,0.00338,0.05649,0.29043,0.20922,0.01123,0.47279,0.11096,0.0038,0.05659
399,1777817736131,Neutral,0.29384,0.20559,0.01174,0.47139,0.10986,0.00326,0.05649,0.29145,0.20813,0.01138,0.47237,0.11063,0.00364,0.05656
400,1777817736164,Neutral,0.29412,0.20392,0.01186,0.47085,0.10972,0.00336,0.05652,0.29225,0.20686,0.01152,0.47192,0.11036,0.00356,0.05655
401,1777817736198,Happy,0.29486,0.20263,0.0121,0.46979,0.10956,0.00335,0.05654,0.29303,0.20559,0.0117,0.47128,0.11012,0.00349,0.05655
402,1777817736232,Happy,0.29558,0.2014,0.0124,0.46939,0.10952,0.00332,0.05661,0.2938,0.20434,0.01191,0.47071,0.10994,0.00344,0.05657
403,1777817736299,Happy,0.29795,0.19612,0.01356,0.46478,0.10918,0.00341,0.05701,0.29505,0.20187,0.0124,0.46893,0.10971,0.00343,0.0567
404,1777817736364,Happy,0.30036,0.18802,0.01519,0.4586,0.10908,0.00115,0.05926,0.29664,0.19771,0.01324,0.46583,0.10952,0.00275,0.05747
405,1777817736397,Happy,0.302,0.18011,0.01302,0.44951,0.10888,0.00589,0.0623,0.29825,0.19243,0.01318,0.46093,0.10933,0.00369,0.05892
406,1777817736431,Happy,0.30487,0.16282,0.01065,0.4347,0.10889,0.01343,0.06724,0.30023,0.18355,0.01242,0.45306,0.1092,0.00661,0.06141
407,1777817736465,Neutral,0.31009,0.13741,0.00517,0.40064,0.10982,0.01208,0.07376,0.30319,0.16971,0.01024,0.43734,0.10938,0.00825,0.06512
408,1777817736498,Neutral,0.31688,0.05153,0.00853,0.3833,0.11061,0.00802,0.08249,0.3073,0.13425,0.00973,0.42113,0.10975,0.00818,0.07033
409,1777817736532,Neutral,0.3228,0.01587,0.00885,0.36637,0.11097,0.00015,0.08867,0.31195,0.09874,0.00947,0.4047,0.11012,0.00577,0.07583
410,1777817736597,Neutral,0.33187,0.00434,0.00707,0.35609,0.11095,0.00113,0.09117,0.31792,0.07042,0.00875,0.39011,0.11037,0.00438,0.08043
411,1777817736664,Neutral,0.34125,0.00294,0.00325,0.35382,0.11076,0.00452,0.0905,0.32492,0.05018,0.0071,0.37923,0.11049,0.00442,0.08345
412,1777817736698,Neutral,0.34698,0.00388,0.0023,0.35475,0.1103,0.00474,0.09031,0.33154,0.03629,0.00566,0.37188,0.11043,0.00452,0.08551
413,1777817736731,Neutral,0.35239,0.00557,0.00168,0.35467,0.11004,0.00494,0.09064,0.33779,0.02707,0.00447,0.36672,0.11031,0.00465,0.08705
414,1777817736765,Neutral,0.35328,0.00814,0.00204,0.35285,0.11029,0.00426,0.09089,0.34244,0.02139,0.00374,0.36256,0.11031,0.00453,0.0882
415,1777817736830,Neutral,0.31482,0.00911,0.00183,0.3552,0.1199,0.00423,0.09039,0.33415,0.01771,0.00317,0.36035,0.11318,0.00444,0.08886
416,1777817736864,Neutral,0.29054,0.0093,0.00183,0.35522,0.12656,0.00407,0.08976,0.32107,0.01518,0.00277,0.35881,0.1172,0.00433,0.08913
417,1777817736897,Neutral,0.2801,0.00955,0.00322,0.35307,0.13028,0.00417,0.09058,0.30878,0.01349,0.0029,0.35709,0.12112,0.00428,0.08956
418,1777817736931,Neutral,0.27916,0.00915,0.0036,0.35249,0.13126,0.00429,0.09075,0.29989,0.01219,0.00311,0.35571,0.12416,0.00428,0.08992
419,1777817736998,Neutral,0.27659,0.00659,0.00339,0.35109,0.13142,0.00415,0.09072,0.2929,0.01051,0.0032,0.35433,0.12634,0.00424,0.09016
420,1777817737064,Neutral,0.28307,0.00406,0.00422,0.34968,0.13132,0.00488,0.09186,0.28996,0.00857,0.0035,0.35293,0.12783,0.00443,0.09067
421,1777817737097,Neutral,0.2842,0.00285,0.00364,0.34931,0.13114,0.00505,0.09172,0.28823,0.00686,0.00354,0.35185,0.12883,0.00462,0.09099
422,1777817737130,Neutral,0.28907,0.0025,0.00367,0.34739,0.13015,0.00519,0.09184,0.28848,0.00555,0.00358,0.35051,0.12922,0.00479,0.09124
423,1777817737164,Neutral,0.29332,0.002,0.00321,0.34758,0.12851,0.00539,0.09139,0.28993,0.00449,0.00347,0.34963,0.12901,0.00497,0.09129
424,1777817737197,Neutral,0.29911,0.0018,0.00324,0.34713,0.12748,0.00535,0.09155,0.29269,0.00368,0.0034,0.34888,0.12855,0.00508,0.09137
425,1777817737231,Neutral,0.30003,0.00162,0.00289,0.34796,0.12722,0.00481,0.09044,0.29489,0.00306,0.00325,0.34861,0.12815,0.005,0.09109
426,1777817737298,Neutral,0.30366,0.00145,0.00231,0.34837,0.1268,0.0043,0.08904,0.29752,0.00258,0.00297,0.34854,0.12775,0.00479,0.09047
427,1777817737331,Neutral,0.30927,0.00156,0.00198,0.34843,0.12596,0.005,0.08877,0.30105,0.00227,0.00267,0.3485,0.12721,0.00485,0.08996
428,1777817737364,Neutral,0.30926,0.00136,0.00212,0.34809,0.12566,0.00542,0.0887,0.30351,0.002,0.00251,0.34838,0.12675,0.00502,0.08958
429,1777817737398,Neutral,0.31502,0.0013,0.00173,0.34776,0.12444,0.00539,0.08876,0.30696,0.00179,0.00227,0.34819,0.12605,0.00513,0.08934
430,1777817737430,Neutral,0.31999,0.00135,0.00124,0.34757,0.12277,0.00542,0.08848,0.31087,0.00166,0.00196,0.34801,0.12507,0.00522,0.08908
431,1777817737465,Neutral,0.34123,0.00132,0.00025,0.34614,0.11818,0.00474,0.08798,0.31998,0.00155,0.00145,0.34745,0.123,0.00508,0.08875
432,1777817737530,Sad,0.37672,0.00455,-0.00537,0.3366,0.10948,0.00461,0.08738,0.337,0.00245,-0.0006,0.34419,0.11895,0.00494,0.08834
433,1777817737564,Sad,0.39133,0.07564,-0.01165,0.3134,0.10519,0.00313,0.08688,0.3533,0.02441,-0.00391,0.33495,0.11482,0.00439,0.0879
434,1777817737597,Neutral,0.39465,0.19997,-0.0184,0.30722,0.10365,0.00312,0.08608,0.36571,0.07708,-0.00826,0.32663,0.11147,0.00401,0.08735
435,1777817737631,Neutral,0.39785,0.29881,-0.02493,0.3039,0.10101,0.00357,0.08255,0.37535,0.1436,-0.01326,0.31981,0.10833,0.00388,0.08591
436,1777817737664,Neutral,0.40178,0.41388,-0.03289,0.2988,0.09777,0.00508,0.07891,0.38328,0.22468,-0.01915,0.31351,0.10516,0.00424,0.08381
437,1777817737698,Neutral,0.40949,0.50062,-0.0383,0.29668,0.09474,0.00818,0.07737,0.39114,0.30746,-0.02489,0.30846,0.10203,0.00542,0.08188
438,1777817737763,Neutral,0.422,0.58821,-0.04868,0.29481,0.09156,0.01078,0.07386,0.4004,0.39169,-0.03203,0.30437,0.09889,0.00703,0.07947
439,1777817737797,Surprised,0.42598,0.63824,-0.05224,0.29273,0.09077,0.01152,0.07196,0.40807,0.46565,-0.03809,0.30087,0.09646,0.00838,0.07722
440,1777817737830,Surprised,0.43064,0.66289,-0.05445,0.29027,0.08976,0.0105,0.07126,0.41484,0.52482,-0.043,0.29769,0.09445,0.00901,0.07543
441,1777817737864,Surprised,0.43384,0.67333,-0.05655,0.28975,0.08927,0.01078,0.07207,0.42054,0.56938,-0.04707,0.29531,0.09289,0.00954,0.07442
442,1777817737931,Surprised,0.43237,0.68009,-0.05774,0.28886,0.08951,0.01061,0.07445,0.42409,0.60259,-0.05027,0.29337,0.09188,0.00986,0.07443
443,1777817737997,Surprised,0.43078,0.68199,-0.05903,0.28969,0.09064,0.01079,0.07405,0.4261,0.62641,-0.0529,0.29227,0.09151,0.01014,0.07432
444,1777817738030,Surprised,0.42674,0.68309,-0.05944,0.28937,0.09147,0.01057,0.07411,0.42629,0.64342,-0.05486,0.2914,0.0915,0.01027,0.07425
445,1777817738063,Surprised,0.42167,0.68282,-0.05986,0.28907,0.09228,0.01047,0.07424,0.42491,0.65524,-0.05636,0.2907,0.09173,0.01033,0.07425
446,1777817738097,Surprised,0.41783,0.68701,-0.06029,0.2889,0.09255,0.01038,0.07443,0.42279,0.66477,-0.05754,0.29016,0.09198,0.01035,0.0743
447,1777817738130,Surprised,0.41537,0.68182,-0.06052,0.28891,0.09287,0.01021,0.07451,0.42056,0.66988,-0.05843,0.28978,0.09225,0.0103,0.07437
448,1777817738165,Surprised,0.4134,0.68049,-0.06093,0.28958,0.09326,0.0109,0.07441,0.41841,0.67307,-0.05918,0.28972,0.09255,0.01048,0.07438
449,1777817738230,Surprised,0.41081,0.67712,-0.0609,0.29088,0.09359,0.01178,0.07397,0.41613,0.67428,-0.0597,0.29007,0.09286,0.01087,0.07426
450,1777817738263,Surprised,0.40874,0.67785,-0.0608,0.29154,0.09395,0.01208,0.07405,0.41391,0.67536,-0.06003,0.29051,0.09319,0.01124,0.07419
451,1777817738297,Surprised,0.40702,0.67753,-0.0607,0.29185,0.0944,0.01245,0.07364,0.41185,0.67601,-0.06023,0.29091,0.09355,0.0116,0.07403
452,1777817738331,Surprised,0.40492,0.67688,-0.06081,0.29199,0.0949,0.01249,0.07372,0.40977,0.67627,-0.0604,0.29124,0.09396,0.01187,0.07393
453,1777817738398,Surprised,0.40168,0.67469,-0.06039,0.29175,0.09603,0.01214,0.07332,0.40734,0.6758,-0.0604,0.29139,0.09458,0.01195,0.07375
454,1777817738463,Surprised,0.39803,0.66415,-0.06051,0.29265,0.09642,0.01263,0.0732,0.40455,0.6723,-0.06043,0.29177,0.09513,0.01215,0.07358
455,1777817738497,Surprised,0.39679,0.65994,-0.06038,0.29292,0.09667,0.01278,0.07283,0.40222,0.6686,-0.06042,0.29211,0.09559,0.01234,0.07336
456,1777817738530,Neutral,0.39576,0.65842,-0.06027,0.29335,0.09673,0.01278,0.07271,0.40028,0.66554,-0.06037,0.29248,0.09593,0.01247,0.07316
457,1777817738564,Neutral,0.39351,0.65674,-0.05987,0.29379,0.09689,0.01238,0.07287,0.39825,0.6629,-0.06022,0.29288,0.09622,0.01244,0.07308
458,1777817738631,Neutral,0.39025,0.65156,-0.05916,0.29345,0.09716,0.01156,0.07264,0.39585,0.6595,-0.0599,0.29305,0.0965,0.01218,0.07295
459,1777817738696,Neutral,0.38635,0.64835,-0.05855,0.29281,0.09732,0.01078,0.07284,0.393,0.65615,-0.0595,0.29298,0.09675,0.01176,0.07291
460,1777817738730,Neutral,0.38585,0.64686,-0.05835,0.29303,0.09735,0.01037,0.07271,0.39086,0.65336,-0.05915,0.29299,0.09693,0.01134,0.07285
461,1777817738763,Neutral,0.38576,0.64545,-0.05825,0.29329,0.09738,0.01023,0.07275,0.38933,0.65099,-0.05888,0.29308,0.09706,0.01101,0.07282
462,1777817738797,Neutral,0.38553,0.64355,-0.05825,0.29352,0.09741,0.01023,0.07275,0.38819,0.64876,-0.05869,0.29321,0.09717,0.01077,0.0728
463,1777817738864,Neutral,0.38486,0.64661,-0.05859,0.29397,0.0974,0.01002,0.07325,0.38719,0.64812,-0.05866,0.29344,0.09724,0.01055,0.07293
464,1777817738930,Neutral,0.38782,0.65147,-0.05946,0.29216,0.09679,0.00927,0.0725,0.38738,0.64912,-0.0589,0.29305,0.09711,0.01016,0.0728
465,1777817738963,Neutral,0.38624,0.65663,-0.06017,0.29202,0.09696,0.00936,0.07266,0.38704,0.65137,-0.05928,0.29274,0.09706,0.00992,0.07276
466,1777817738996,Neutral,0.38631,0.65548,-0.05993,0.29151,0.09702,0.0095,0.07325,0.38682,0.65261,-0.05948,0.29237,0.09705,0.0098,0.07291
467,1777817739031,Neutral,0.3884,0.65231,-0.05974,0.29102,0.09673,0.00958,0.07382,0.38729,0.65252,-0.05956,0.29197,0.09695,0.00973,0.07318
468,1777817739097,Neutral,0.39136,0.64824,-0.05891,0.29175,0.09677,0.00957,0.07378,0.38851,0.65123,-0.05936,0.2919,0.0969,0.00968,0.07336
469,1777817739163,Neutral,0.39158,0.64395,-0.05897,0.29202,0.09854,0.00951,0.07248,0.38943,0.64905,-0.05924,0.29194,0.09739,0.00963,0.0731
470,1777817739196,Neutral,0.39133,0.63769,-0.05877,0.29243,0.0995,0.0102,0.07222,0.39,0.64564,-0.0591,0.29209,0.09802,0.0098,0.07283
471,1777817739230,Neutral,0.39073,0.63949,-0.05879,0.29296,0.10119,0.01058,0.0721,0.39022,0.6438,-0.05901,0.29235,0.09897,0.01003,0.07261
472,1777817739264,Neutral,0.39417,0.63284,-0.05856,0.29298,0.10217,0.01098,0.07174,0.39141,0.64051,-0.05887,0.29254,0.09993,0.01032,0.07235
473,1777817739331,Neutral,0.39694,0.63244,-0.05828,0.29343,0.10274,0.0113,0.07205,0.39307,0.63809,-0.05869,0.29281,0.10078,0.01061,0.07226
474,1777817739396,Neutral,0.39756,0.63878,-0.05846,0.29355,0.10366,0.01106,0.07265,0.39441,0.6383,-0.05862,0.29303,0.10164,0.01075,0.07238
475,1777817739429,Neutral,0.395,0.64349,-0.0586,0.29381,0.10388,0.01081,0.07286,0.39459,0.63985,-0.05862,0.29326,0.10231,0.01077,0.07252
476,1777817739463,Neutral,0.39626,0.64304,-0.05833,0.29429,0.10359,0.01095,0.07272,0.39509,0.64081,-0.05853,0.29357,0.1027,0.01082,0.07258
477,1777817739497,Neutral,0.39063,0.64039,-0.05783,0.29422,0.10345,0.01087,0.07253,0.39375,0.64068,-0.05832,0.29377,0.10292,0.01084,0.07257
478,1777817739564,Neutral,0.40059,0.64657,-0.05802,0.29383,0.09898,0.0102,0.07134,0.3958,0.64245,-0.05823,0.29379,0.10174,0.01065,0.0722
479,1777817739629,Neutral,0.40404,0.64548,-0.05817,0.29346,0.09832,0.01062,0.0715,0.39827,0.64336,-0.05821,0.29369,0.10071,0.01064,0.07199
480,1777817739663,Neutral,0.40699,0.64382,-0.05817,0.29394,0.09784,0.01038,0.07184,0.40089,0.6435,-0.0582,0.29376,0.09985,0.01056,0.07195
481,1777817739696,Surprised,0.40595,0.63835,-0.058,0.29427,0.0978,0.01047,0.07205,0.40241,0.64195,-0.05814,0.29392,0.09924,0.01054,0.07198
482,1777817739730,Surprised,0.40804,0.63528,-0.05786,0.29458,0.0977,0.01041,0.07188,0.4041,0.63995,-0.05806,0.29411,0.09877,0.0105,0.07195
483,1777817739763,Surprised,0.40979,0.63544,-0.05769,0.29452,0.0977,0.0106,0.07187,0.4058,0.6386,-0.05795,0.29423,0.09845,0.01053,0.07192
484,1777817739797,Surprised,0.40969,0.635,-0.05754,0.29466,0.09782,0.01078,0.0718,0.40697,0.63752,-0.05782,0.29436,0.09826,0.0106,0.07189
485,1777817739863,Surprised,0.40948,0.63344,-0.05715,0.29446,0.09815,0.01085,0.07184,0.40772,0.6363,-0.05762,0.29439,0.09823,0.01068,0.07187
486,1777817739896,Surprised,0.40922,0.63235,-0.05707,0.29438,0.09826,0.01084,0.07195,0.40817,0.63511,-0.05746,0.29439,0.09824,0.01073,0.07189
487,1777817739964,Surprised,0.41234,0.6319,-0.05695,0.29369,0.09829,0.01106,0.07209,0.40942,0.63415,-0.05731,0.29418,0.09826,0.01083,0.07195
488,1777817740030,Surprised,0.41116,0.62633,-0.05671,0.29388,0.09987,0.01176,0.07207,0.40994,0.6318,-0.05713,0.29409,0.09874,0.01111,0.07199
489,1777817740096,Surprised,0.40882,0.6196,-0.05626,0.29319,0.10122,0.0115,0.07288,0.40961,0.62814,-0.05687,0.29382,0.09948,0.01123,0.07226
490,1777817740129,Surprised,0.40644,0.61986,-0.05606,0.2938,0.10162,0.01094,0.07325,0.40866,0.62566,-0.05662,0.29381,0.10012,0.01114,0.07255
491,1777817740163,Surprised,0.40442,0.61764,-0.05516,0.29331,0.10174,0.01042,0.07357,0.40739,0.62325,-0.05619,0.29366,0.10061,0.01092,0.07286
492,1777817740197,Surprised,0.40563,0.61738,-0.05489,0.29369,0.10118,0.01091,0.07462,0.40686,0.62149,-0.0558,0.29367,0.10078,0.01092,0.07339
493,1777817740264,Surprised,0.40277,0.61343,-0.05424,0.29388,0.10157,0.01068,0.07628,0.40563,0.61907,-0.05533,0.29374,0.10102,0.01085,0.07425
494,1777817740329,Surprised,0.40586,0.60935,-0.05449,0.29476,0.10162,0.01139,0.07577,0.4057,0.61616,-0.05508,0.29404,0.1012,0.01101,0.07471
495,1777817740363,Surprised,0.40462,0.61223,-0.05511,0.29433,0.10171,0.01078,0.07575,0.40538,0.61498,-0.05509,0.29413,0.10135,0.01094,0.07502
496,1777817740396,Surprised,0.40039,0.61225,-0.05548,0.2948,0.10216,0.011,0.07499,0.40388,0.61416,-0.05521,0.29433,0.10159,0.01096,0.07501
497,1777817740430,Surprised,0.40052,0.61364,-0.05556,0.29494,0.10159,0.01075,0.0744,0.40287,0.614,-0.05531,0.29451,0.10159,0.01089,0.07483
498,1777817740497,Surprised,0.4029,0.61066,-0.05575,0.29453,0.10134,0.01128,0.07405,0.40288,0.613,-0.05545,0.29452,0.10152,0.01101,0.0746
499,1777817740562,Neutral,0.39926,0.6223,-0.05754,0.29488,0.10156,0.01074,0.07385,0.40179,0.61579,-0.05608,0.29463,0.10153,0.01093,0.07437
500,1777817740596,Neutral,0.39865,0.63002,-0.05816,0.29497,0.10184,0.01059,0.07351,0.40085,0.62006,-0.0567,0.29473,0.10162,0.01083,0.07411
501,1777817740629,Neutral,0.39945,0.64107,-0.05822,0.29536,0.10134,0.01036,0.07371,0.40043,0.62636,-0.05715,0.29492,0.10154,0.01069,0.07399
502,1777817740663,Neutral,0.39791,0.64798,-0.0591,0.2961,0.10202,0.01032,0.0736,0.39967,0.63285,-0.05774,0.29527,0.10168,0.01058,0.07387
503,1777817740696,Neutral,0.39631,0.64517,-0.0589,0.29593,0.10205,0.01009,0.0737,0.39866,0.63654,-0.05809,0.29547,0.10179,0.01043,0.07382
504,1777817740730,Neutral,0.39732,0.63798,-0.05833,0.29576,0.1015,0.01031,0.07251,0.39826,0.63697,-0.05816,0.29556,0.1017,0.01039,0.07343
505,1777817740796,Neutral,0.39519,0.62954,-0.05654,0.29603,0.10221,0.01073,0.07428,0.39734,0.63474,-0.05767,0.2957,0.10186,0.0105,0.07369
506,1777817740829,Neutral,0.39431,0.63112,-0.0559,0.29619,0.1022,0.01116,0.07506,0.39643,0.63365,-0.05714,0.29585,0.10196,0.0107,0.0741
507,1777817740862,Neutral,0.38975,0.63342,-0.05671,0.29653,0.10219,0.0104,0.07539,0.39442,0.63358,-0.05701,0.29605,0.10203,0.01061,0.07449
508,1777817740896,Neutral,0.38577,0.59361,-0.05607,0.2989,0.10247,0.01044,0.07522,0.39183,0.62159,-0.05673,0.29691,0.10216,0.01056,0.07471
509,1777817740929,Neutral,0.35027,0.39911,-0.04494,0.30527,0.11001,0.00459,0.07805,0.37936,0.55485,-0.05319,0.29942,0.10452,0.00877,0.07571
510,1777817740964,Neutral,0.20547,0.23494,-0.02982,0.31129,0.14029,0.00468,0.08322,0.32719,0.45888,-0.04618,0.30298,0.11525,0.00754,0.07796
511,1777817741029,Neutral,0.04637,0.03201,-0.0004,0.31906,0.17469,0.0084,0.08765,0.24295,0.33082,-0.03245,0.3078,0.13308,0.0078,0.08087
512,1777817741062,Neutral,0.08133,0.01178,0.00767,0.32697,0.16938,0.00761,0.09027,0.19446,0.23511,-0.02041,0.31355,0.14397,0.00774,0.08369
513,1777817741096,Neutral,0.13701,0.00348,0.0109,0.33253,0.16099,0.00874,0.09028,0.17722,0.16562,-0.01102,0.31925,0.14908,0.00804,0.08567
514,1777817741130,Neutral,0.15325,0.01252,0.01439,0.33524,0.16101,0.00913,0.09123,0.17003,0.11969,-0.0034,0.32404,0.15266,0.00837,0.08733
515,1777817741162,Neutral,0.18059,0.01711,0.01448,0.33782,0.1592,0.00925,0.09169,0.1732,0.08891,0.00197,0.32818,0.15462,0.00863,0.08864
516,1777817741197,Contempt,0.22065,0.01448,0.01385,0.33914,0.15379,0.00905,0.09017,0.18743,0.06659,0.00553,0.33147,0.15437,0.00876,0.0891
517,1777817741262,Contempt,0.26405,0.00935,0.01143,0.3422,0.14862,0.00922,0.08842,0.21042,0.04942,0.0073,0.33469,0.15265,0.0089,0.0889
518,1777817741296,Contempt,0.27794,0.00743,0.00889,0.34426,0.14629,0.00924,0.08725,0.23068,0.03682,0.00778,0.33756,0.15074,0.009,0.0884
519,1777817741329,Contempt,0.27996,0.00495,0.00722,0.34538,0.14525,0.00836,0.08626,0.24546,0.02726,0.00761,0.33991,0.1491,0.00881,0.08776
520,1777817741363,Contempt,0.28342,0.00349,0.00569,0.34593,0.14456,0.00843,0.08634,0.25685,0.02013,0.00703,0.34171,0.14774,0.00869,0.08733
521,1777817741430,Contempt,0.29249,0.00307,0.00402,0.34757,0.14377,0.00908,0.08536,0.26754,0.01501,0.00613,0.34347,0.14654,0.00881,0.08674
522,1777817741495,Contempt,0.29717,0.00234,0.00375,0.3477,0.14172,0.00855,0.08562,0.27643,0.01121,0.00541,0.34474,0.1451,0.00873,0.0864
523,1777817741529,Contempt,0.29714,0.00234,0.00318,0.34812,0.1418,0.00935,0.08547,0.28265,0.00855,0.00474,0.34575,0.14411,0.00892,0.08612
524,1777817741562,Contempt,0.29764,0.00202,0.00277,0.34886,0.14157,0.00956,0.08563,0.28714,0.00659,0.00415,0.34668,0.14335,0.00911,0.08598
525,1777817741596,Contempt,0.29844,0.00186,0.00311,0.34915,0.14104,0.00936,0.086,0.29053,0.00517,0.00384,0.34742,0.14265,0.00918,0.08598
526,1777817741629,Contempt,0.29939,0.00196,0.00273,0.34938,0.14067,0.00931,0.08655,0.29319,0.00421,0.00351,0.34801,0.14206,0.00922,0.08615
527,1777817741663,Contempt,0.30096,0.00188,0.00222,0.3496,0.14012,0.00919,0.08642,0.29552,0.00351,0.00312,0.34849,0.14148,0.00921,0.08623
528,1777817741729,Neutral,0.30443,0.00193,0.0014,0.34878,0.13932,0.00883,0.08651,0.29819,0.00304,0.0026,0.34857,0.14083,0.0091,0.08631
529,1777817741762,Neutral,0.30525,0.002,0.00111,0.34867,0.13902,0.00864,0.08681,0.30031,0.00272,0.00216,0.3486,0.14029,0.00896,0.08646
530,1777817741796,Neutral,0.30698,0.00207,0.00091,0.34842,0.13871,0.0086,0.08686,0.30231,0.00253,0.00178,0.34855,0.13981,0.00885,0.08658
531,1777817741830,Neutral,0.30539,0.00199,0.00082,0.34732,0.13865,0.00857,0.08695,0.30323,0.00237,0.00149,0.34818,0.13946,0.00877,0.08669
532,1777817741896,Neutral,0.30585,0.00177,0.00057,0.34456,0.13728,0.00904,0.08729,0.30402,0.00219,0.00121,0.34709,0.13881,0.00885,0.08687
533,1777817741962,Neutral,0.30798,0.00172,0.00017,0.34434,0.13737,0.0085,0.08745,0.30521,0.00205,0.0009,0.34627,0.13838,0.00875,0.08704
534,1777817741995,Neutral,0.30745,0.00187,9e-05,0.34442,0.13764,0.00834,0.08738,0.30588,0.00199,0.00066,0.34571,0.13816,0.00863,0.08714
535,1777817742029,Neutral,0.30826,0.00186,0.0,0.34399,0.13734,0.00822,0.08759,0.3066,0.00195,0.00046,0.3452,0.13791,0.0085,0.08728
536,1777817742063,Neutral,0.30692,0.0019,-0.00043,0.34408,0.13731,0.00814,0.08742,0.30669,0.00194,0.00019,0.34486,0.13773,0.00839,0.08732
537,1777817742095,Neutral,0.30755,0.00174,-0.00067,0.34375,0.13702,0.00796,0.08738,0.30695,0.00188,-7e-05,0.34453,0.13752,0.00826,0.08734
538,1777817742130,Neutral,0.30766,0.00171,-0.00094,0.34368,0.13692,0.00784,0.08721,0.30716,0.00183,-0.00033,0.34427,0.13734,0.00814,0.0873
539,1777817742195,Neutral,0.30754,0.00172,-0.00129,0.34292,0.13657,0.00802,0.08651,0.30728,0.0018,-0.00062,0.34387,0.13711,0.0081,0.08706
540,1777817742229,Neutral,0.30988,0.00175,-0.00147,0.34209,0.13651,0.00804,0.08611,0.30806,0.00178,-0.00087,0.34333,0.13693,0.00808,0.08678
541,1777817742262,Neutral,0.31052,0.00172,-0.00139,0.34189,0.13652,0.00799,0.08589,0.3088,0.00176,-0.00103,0.3429,0.13681,0.00806,0.08651
542,1777817742296,Neutral,0.31103,0.00167,-0.00131,0.34171,0.13642,0.00798,0.0859,0.30947,0.00173,-0.00111,0.34254,0.13669,0.00803,0.08633
543,1777817742363,Neutral,0.31054,0.00171,-0.00128,0.34129,0.13593,0.0077,0.08594,0.30979,0.00173,-0.00116,0.34217,0.13646,0.00793,0.08621
544,1777817742395,Neutral,0.31047,0.0018,-0.00149,0.34035,0.13561,0.00731,0.086,0.30999,0.00175,-0.00126,0.34162,0.13621,0.00774,0.08615
545,1777817742429,Neutral,0.31116,0.00198,-0.00173,0.33826,0.13542,0.00687,0.08599,0.31034,0.00182,-0.0014,0.34061,0.13597,0.00748,0.0861
546,1777817742462,Neutral,0.31081,0.0023,-0.00197,0.33775,0.13515,0.00673,0.0861,0.31048,0.00196,-0.00157,0.33975,0.13572,0.00726,0.0861
547,1777817742495,Neutral,0.31133,0.00228,-0.00215,0.3378,0.13491,0.0063,0.08601,0.31074,0.00206,-0.00175,0.33917,0.13548,0.00697,0.08607
548,1777817742529,Neutral,0.31228,0.00233,-0.00266,0.33741,0.13437,0.0056,0.08585,0.3112,0.00214,-0.00202,0.33864,0.13515,0.00656,0.08601
549,1777817742596,Neutral,0.31426,0.00883,-0.00606,0.3347,0.13338,0.00548,0.08639,0.31212,0.00415,-0.00323,0.33746,0.13462,0.00623,0.08612
550,1777817742628,Neutral,0.31587,0.02124,-0.00685,0.33187,0.13326,0.00547,0.08716,0.31324,0.00927,-0.00432,0.33578,0.13421,0.006,0.08643
551,1777817742662,Neutral,0.31802,0.05811,-0.00837,0.32491,0.13197,0.00632,0.08663,0.31468,0.02393,-0.00553,0.33252,0.13354,0.0061,0.08649
552,1777817742695,Neutral,0.32294,0.12973,-0.01466,0.3205,0.13027,0.00552,0.08528,0.31716,0.05567,-0.00827,0.32892,0.13256,0.00593,0.08613
553,1777817742729,Neutral,0.33091,0.18044,-0.02092,0.31836,0.12864,0.00532,0.08287,0.32128,0.0931,-0.01207,0.32575,0.13138,0.00574,0.08515
554,1777817742762,Neutral,0.33438,0.22033,-0.02474,0.31562,0.12774,0.00376,0.08051,0.32521,0.13127,-0.01587,0.32271,0.13029,0.00515,0.08376
555,1777817742795,Neutral,0.3356,0.24682,-0.02703,0.31511,0.12704,0.00296,0.07906,0.32833,0.16593,-0.01922,0.32043,0.12932,0.00449,0.08235
556,1777817742829,Neutral,0.33663,0.27289,-0.03001,0.31458,0.12668,0.00304,0.07839,0.33082,0.19802,-0.02246,0.31867,0.12853,0.00406,0.08116
557,1777817742895,Sad,0.33695,0.29521,-0.03403,0.31337,0.12571,0.00404,0.07743,0.33266,0.22718,-0.02593,0.31708,0.12768,0.00405,0.08004
558,1777817742928,Sad,0.33847,0.29971,-0.03478,0.31285,0.12483,0.00392,0.07755,0.3344,0.24894,-0.02858,0.31581,0.12682,0.00401,0.07929
559,1777817742961,Sad,0.34021,0.30688,-0.03613,0.31252,0.12427,0.00391,0.07758,0.33614,0.26632,-0.03085,0.31483,0.12606,0.00398,0.07878
560,1777817742996,Sad,0.34102,0.31079,-0.03708,0.31158,0.12396,0.00436,0.07768,0.33761,0.27966,-0.03272,0.31385,0.12543,0.00409,0.07845
561,1777817743028,Sad,0.34178,0.31141,-0.03716,0.31125,0.12369,0.00464,0.07767,0.33886,0.28919,-0.03405,0.31307,0.12491,0.00426,0.07822
562,1777817743063,Sad,0.34167,0.31099,-0.03726,0.31126,0.12363,0.00449,0.07788,0.3397,0.29573,-0.03501,0.31253,0.12452,0.00433,0.07812
563,1777817743128,Sad,0.34301,0.30898,-0.03772,0.31108,0.12359,0.00414,0.0782,0.34069,0.2997,-0.03582,0.31209,0.12424,0.00427,0.07814
564,1777817743162,Sad,0.34457,0.31044,-0.03824,0.31101,0.12356,0.00396,0.07874,0.34185,0.30292,-0.03655,0.31177,0.12404,0.00418,0.07832
565,1777817743195,Sad,0.34475,0.31009,-0.03845,0.31108,0.1232,0.00405,0.07926,0.34272,0.30507,-0.03712,0.31156,0.12379,0.00414,0.0786
566,1777817743229,Sad,0.34332,0.31171,-0.03855,0.31091,0.12243,0.00358,0.0796,0.3429,0.30707,-0.03755,0.31137,0.12338,0.00397,0.0789
567,1777817743296,Sad,0.34662,0.31064,-0.03765,0.30934,0.11976,0.00268,0.07981,0.34402,0.30814,-0.03758,0.31076,0.12229,0.00358,0.07917
568,1777817743362,Sad,0.35156,0.31307,-0.0379,0.3094,0.11759,0.00318,0.07976,0.34628,0.30962,-0.03768,0.31035,0.12088,0.00346,0.07935
569,1777817743395,Sad,0.35662,0.30901,-0.03788,0.30936,0.11608,0.00346,0.07957,0.34938,0.30944,-0.03774,0.31005,0.11944,0.00346,0.07941
570,1777817743462,Sad,0.36148,0.31203,-0.03826,0.30971,0.11453,0.00304,0.0799,0.35301,0.31022,-0.03789,0.30995,0.11797,0.00334,0.07956
571,1777817743495,Sad,0.36402,0.31295,-0.03881,0.30977,0.11376,0.00299,0.07956,0.35631,0.31103,-0.03817,0.3099,0.1167,0.00323,0.07956
572,1777817743529,Sad,0.3656,0.31893,-0.03937,0.30967,0.11365,0.00365,0.07921,0.3591,0.3134,-0.03853,0.30983,0.11579,0.00336,0.07945
573,1777817743595,Sad,0.36615,0.31095,-0.03854,0.31004,0.1139,0.00422,0.07838,0.36121,0.31267,-0.03853,0.30989,0.11522,0.00362,0.07913
574,1777817743628,Sad,0.36588,0.31626,-0.03882,0.30992,0.11353,0.00419,0.07875,0.36261,0.31375,-0.03862,0.3099,0.11471,0.00379,0.07902
575,1777817743696,Sad,0.36416,0.31264,-0.038,0.30992,0.11366,0.00419,0.07911,0.36308,0.31341,-0.03844,0.30991,0.1144,0.00391,0.07905
576,1777817743762,Sad,0.36647,0.30907,-0.03761,0.31028,0.11405,0.00414,0.07858,0.3641,0.31211,-0.03819,0.31002,0.11429,0.00398,0.0789
577,1777817743828,Sad,0.36436,0.3134,-0.03835,0.31078,0.11353,0.00456,0.07756,0.36418,0.3125,-0.03824,0.31025,0.11406,0.00415,0.0785
578,1777817743895,Sad,0.36302,0.31157,-0.03836,0.31028,0.1133,0.00426,0.07746,0.36383,0.31222,-0.03827,0.31026,0.11383,0.00419,0.07819
579,1777817743960,Sad,0.36417,0.31664,-0.0379,0.3105,0.11322,0.00303,0.07753,0.36393,0.31355,-0.03816,0.31033,0.11365,0.00384,0.07799
580,1777817743999,Sad,0.36803,0.32094,-0.0382,0.31019,0.11253,0.00387,0.07717,0.36516,0.31576,-0.03817,0.31029,0.11331,0.00385,0.07774
581,1777817744063,Sad,0.36659,0.32672,-0.03937,0.30964,0.11176,0.0054,0.07727,0.36559,0.31905,-0.03853,0.3101,0.11285,0.00431,0.0776
582,1777817744096,Sad,0.36487,0.3285,-0.03931,0.30954,0.11177,0.00541,0.07811,0.36538,0.32188,-0.03877,0.30993,0.11252,0.00464,0.07776
583,1777817744129,Sad,0.36473,0.33141,-0.03973,0.3094,0.1116,0.00538,0.07925,0.36518,0.32474,-0.03906,0.30977,0.11225,0.00486,0.0782
584,1777817744163,Sad,0.36455,0.33264,-0.03997,0.30965,0.11156,0.00578,0.0795,0.36499,0.32711,-0.03933,0.30973,0.11204,0.00514,0.07859
585,1777817744231,Neutral,0.36402,0.33089,-0.03996,0.30993,0.11168,0.0055,0.07948,0.3647,0.32824,-0.03952,0.30979,0.11193,0.00525,0.07886
586,1777817744296,Neutral,0.36545,0.33139,-0.04011,0.30984,0.11089,0.0053,0.08071,0.36493,0.32919,-0.0397,0.30981,0.11162,0.00526,0.07941
587,1777817744329,Neutral,0.36549,0.33179,-0.04007,0.30978,0.11082,0.00545,0.0808,0.3651,0.32997,-0.03981,0.3098,0.11138,0.00532,0.07983
588,1777817744362,Neutral,0.36514,0.33167,-0.03989,0.30978,0.11077,0.00573,0.08089,0.36511,0.33048,-0.03983,0.30979,0.1112,0.00544,0.08015
589,1777817744396,Neutral,0.36664,0.33234,-0.03992,0.30966,0.11064,0.00582,0.08113,0.36557,0.33104,-0.03986,0.30975,0.11103,0.00556,0.08044
590,1777817744462,Neutral,0.36907,0.33349,-0.03994,0.30985,0.11037,0.00552,0.08177,0.36662,0.33177,-0.03988,0.30978,0.11083,0.00554,0.08084
591,1777817744528,Neutral,0.36843,0.32744,-0.03999,0.30991,0.11042,0.00562,0.0813,0.36716,0.33047,-0.03992,0.30982,0.11071,0.00557,0.08098
592,1777817744562,Neutral,0.36967,0.32714,-0.03997,0.30984,0.11027,0.0056,0.08088,0.36791,0.32947,-0.03993,0.30983,0.11058,0.00558,0.08095
593,1777817744595,Neutral,0.37133,0.32635,-0.04035,0.30969,0.11008,0.00542,0.08037,0.36894,0.32854,-0.04006,0.30979,0.11043,0.00553,0.08077
594,1777817744629,Neutral,0.36881,0.32798,-0.04058,0.30972,0.10972,0.00537,0.08146,0.3689,0.32837,-0.04021,0.30977,0.11022,0.00548,0.08098
595,1777817744697,Neutral,0.36734,0.33137,-0.04102,0.3093,0.11053,0.00462,0.08207,0.36843,0.32927,-0.04046,0.30963,0.11031,0.00523,0.0813
596,1777817744762,Neutral,0.3684,0.32994,-0.04068,0.30906,0.11048,0.00442,0.0816,0.36842,0.32947,-0.04052,0.30946,0.11036,0.00498,0.08139
597,1777817744795,Neutral,0.36228,0.32779,-0.04052,0.30916,0.11226,0.00454,0.0816,0.36658,0.32896,-0.04052,0.30937,0.11093,0.00485,0.08146
598,1777817744828,Sad,0.32767,0.32995,-0.04071,0.30969,0.12041,0.00476,0.08177,0.35491,0.32926,-0.04058,0.30946,0.11377,0.00482,0.08155
599,1777817744862,Sad,0.31187,0.32854,-0.04058,0.30991,0.12471,0.00429,0.08171,0.342,0.32905,-0.04058,0.3096,0.11705,0.00466,0.0816
600,1777817744895,Neutral,0.30613,0.33108,-0.04096,0.31006,0.12656,0.00422,0.08148,0.33124,0.32966,-0.04069,0.30974,0.11991,0.00453,0.08156
601,1777817744929,Neutral,0.30339,0.33149,-0.04111,0.31023,0.12773,0.00399,0.08081,0.32288,0.33021,-0.04082,0.30988,0.12225,0.00437,0.08134
602,1777817744996,Neutral,0.30306,0.33134,-0.04055,0.31018,0.12856,0.00374,0.08111,0.31694,0.33055,-0.04074,0.30997,0.12414,0.00418,0.08127
603,1777817745029,Neutral,0.30328,0.32916,-0.04033,0.3102,0.12886,0.00384,0.08087,0.31284,0.33013,-0.04062,0.31004,0.12556,0.00408,0.08115
604,1777817745062,Neutral,0.30395,0.32844,-0.04015,0.31023,0.12891,0.00376,0.08073,0.31017,0.32962,-0.04048,0.3101,0.12657,0.00398,0.08102
605,1777817745096,Neutral,0.30435,0.32717,-0.03995,0.31038,0.12901,0.00376,0.08074,0.30842,0.32889,-0.04032,0.31019,0.1273,0.00392,0.08094
606,1777817745163,Neutral,0.30465,0.32633,-0.03977,0.31051,0.1296,0.00382,0.08118,0.30729,0.32812,-0.04015,0.31028,0.12799,0.00389,0.08101
607,1777817745228,Neutral,0.33515,0.33148,-0.03962,0.31042,0.1237,0.00382,0.08095,0.31565,0.32913,-0.03999,0.31032,0.1267,0.00387,0.08099
608,1777817745295,Neutral,0.36602,0.3452,-0.03944,0.31077,0.11719,0.00386,0.0805,0.33076,0.33395,-0.03983,0.31046,0.12385,0.00386,0.08085
609,1777817745329,Sad,0.38014,0.35013,-0.03949,0.31074,0.11438,0.00385,0.08037,0.34558,0.3388,-0.03973,0.31054,0.12101,0.00386,0.0807
610,1777817745397,Sad,0.38894,0.35675,-0.03963,0.31028,0.11244,0.00347,0.08014,0.35858,0.34419,-0.0397,0.31046,0.11844,0.00374,0.08053
611,1777817745462,Sad,0.39014,0.361,-0.04001,0.31048,0.11199,0.0039,0.07969,0.36805,0.34923,-0.03979,0.31047,0.1165,0.00379,0.08028
612,1777817745495,Sad,0.38913,0.36149,-0.04018,0.31012,0.11193,0.00423,0.07949,0.37437,0.35291,-0.03991,0.31036,0.11513,0.00392,0.08004
613,1777817745528,Sad,0.38748,0.36263,-0.04027,0.31021,0.11199,0.00437,0.07952,0.37831,0.35583,-0.04002,0.31032,0.11419,0.00406,0.07988
614,1777817745562,Sad,0.38551,0.36303,-0.04037,0.31018,0.11194,0.00448,0.07937,0.38047,0.35799,-0.04012,0.31028,0.11351,0.00418,0.07973
615,1777817745630,Sad,0.38468,0.36491,-0.04125,0.31026,0.11238,0.0046,0.07928,0.38173,0.36006,-0.04046,0.31027,0.11317,0.00431,0.07959
616,1777817745696,Sad,0.38239,0.36406,-0.0419,0.31013,0.11264,0.00486,0.07971,0.38193,0.36126,-0.04089,0.31023,0.11301,0.00448,0.07963
617,1777817745728,Sad,0.38124,0.36378,-0.04226,0.31023,0.11314,0.00488,0.08009,0.38172,0.36202,-0.0413,0.31023,0.11305,0.0046,0.07977
618,1777817745761,Sad,0.37831,0.36402,-0.04262,0.31018,0.11316,0.00517,0.08034,0.3807,0.36262,-0.0417,0.31021,0.11308,0.00477,0.07994
619,1777817745828,Sad,0.37457,0.36304,-0.04252,0.30824,0.11,0.00558,0.0813,0.37886,0.36274,-0.04194,0.30962,0.11216,0.00501,0.08035
620,1777817745862,Neutral,0.3768,0.36149,-0.04226,0.30735,0.10914,0.00574,0.08134,0.37824,0.36237,-0.04204,0.30894,0.11125,0.00523,0.08065
621,1777817745895,Neutral,0.37655,0.35895,-0.04213,0.30704,0.10904,0.0057,0.08129,0.37773,0.36134,-0.04207,0.30837,0.11059,0.00537,0.08084
622,1777817745928,Neutral,0.37659,0.35649,-0.04199,0.30697,0.10896,0.00581,0.081,0.37739,0.35989,-0.04204,0.30795,0.1101,0.0055,0.08089
623,1777817745961,Neutral,0.3775,0.35557,-0.04196,0.30718,0.10887,0.00597,0.08087,0.37742,0.35859,-0.04202,0.30772,0.10973,0.00564,0.08088
624,1777817745995,Neutral,0.37767,0.35416,-0.042,0.30702,0.10881,0.00603,0.08085,0.3775,0.35726,-0.04201,0.30751,0.10946,0.00576,0.08087
625,1777817746029,Neutral,0.37768,0.35372,-0.04209,0.30672,0.10878,0.00598,0.08076,0.37755,0.3562,-0.04204,0.30727,0.10925,0.00583,0.08084
626,1777817746095,Neutral,0.37753,0.35082,-0.04183,0.30662,0.1089,0.00596,0.08,0.37754,0.35459,-0.04197,0.30708,0.10915,0.00587,0.08059
627,1777817746128,Neutral,0.37738,0.35008,-0.04146,0.30603,0.10878,0.00562,0.08017,0.37749,0.35323,-0.04182,0.30676,0.10904,0.00579,0.08046
628,1777817746161,Neutral,0.37771,0.35028,-0.04148,0.30568,0.10864,0.00553,0.08029,0.37756,0.35235,-0.04172,0.30644,0.10892,0.00571,0.08041
629,1777817746195,Neutral,0.37685,0.35078,-0.04142,0.30548,0.10863,0.00541,0.08057,0.37735,0.35188,-0.04163,0.30615,0.10883,0.00562,0.08046
630,1777817746228,Neutral,0.37715,0.3514,-0.04169,0.30537,0.10875,0.00533,0.08052,0.37729,0.35173,-0.04165,0.30592,0.10881,0.00553,0.08048
631,1777817746262,Neutral,0.37733,0.35176,-0.04158,0.30541,0.10872,0.00508,0.08065,0.3773,0.35174,-0.04163,0.30577,0.10878,0.0054,0.08053
632,1777817746295,Neutral,0.37715,0.351,-0.04147,0.30557,0.10873,0.00504,0.08071,0.37725,0.35152,-0.04158,0.30571,0.10876,0.00529,0.08058
633,1777817746329,Neutral,0.37686,0.35089,-0.04143,0.30557,0.1089,0.00481,0.08099,0.37714,0.35133,-0.04153,0.30567,0.10881,0.00515,0.08071
634,1777817746395,Neutral,0.37576,0.35155,-0.04117,0.30557,0.10917,0.00424,0.0815,0.37672,0.3514,-0.04142,0.30564,0.10891,0.00487,0.08095
635,1777817746428,Neutral,0.37557,0.35165,-0.04114,0.30598,0.10918,0.00409,0.08161,0.37638,0.35147,-0.04134,0.30574,0.10899,0.00464,0.08115
636,1777817746461,Neutral,0.37551,0.35209,-0.04139,0.30632,0.10938,0.00404,0.08173,0.37612,0.35166,-0.04135,0.30591,0.10911,0.00446,0.08132
637,1777817746495,Neutral,0.37545,0.34476,-0.0419,0.30708,0.10995,0.00413,0.08205,0.37592,0.34959,-0.04152,0.30626,0.10936,0.00436,0.08154
638,1777817746562,Sad,0.33531,0.29834,-0.03997,0.31164,0.12294,0.00388,0.08218,0.36374,0.33421,-0.04105,0.30787,0.11343,0.00422,0.08173
639,1777817746628,Sad,0.28437,0.26019,-0.03747,0.31512,0.13737,0.00452,0.08244,0.33993,0.31201,-0.03998,0.31005,0.12061,0.00431,0.08194
640,1777817746661,Neutral,0.27985,0.25023,-0.0362,0.31617,0.13919,0.00502,0.08284,0.3219,0.29347,-0.03885,0.31189,0.12619,0.00452,0.08221
641,1777817746695,Neutral,0.28336,0.24334,-0.03533,0.31671,0.13945,0.00506,0.08276,0.31034,0.27844,-0.03779,0.31333,0.13017,0.00468,0.08238
642,1777817746729,Neutral,0.28806,0.2381,-0.03386,0.31712,0.13885,0.00512,0.08304,0.30365,0.26634,-0.03661,0.31447,0.13277,0.00481,0.08258
643,1777817746796,Neutral,0.29678,0.23544,-0.03275,0.31778,0.1384,0.00517,0.08269,0.30159,0.25707,-0.03545,0.31546,0.13446,0.00492,0.08261
644,1777817746861,Neutral,0.3071,0.23157,-0.03221,0.31827,0.13602,0.00463,0.08273,0.30324,0.24942,-0.03448,0.3163,0.13493,0.00483,0.08265
645,1777817746895,Neutral,0.30942,0.22632,-0.03151,0.31886,0.13575,0.00474,0.08247,0.3051,0.24249,-0.03359,0.31707,0.13517,0.0048,0.08259
646,1777817746928,Neutral,0.31345,0.22424,-0.03154,0.31889,0.135,0.00478,0.0822,0.3076,0.23701,-0.03297,0.31762,0.13512,0.0048,0.08248
647,1777817746962,Neutral,0.31655,0.22398,-0.03181,0.31909,0.13455,0.00493,0.08243,0.31029,0.2331,-0.03262,0.31806,0.13495,0.00484,0.08246
648,1777817747029,Neutral,0.31787,0.2242,-0.03241,0.31897,0.13432,0.0046,0.08265,0.31256,0.23043,-0.03256,0.31833,0.13476,0.00477,0.08252
649,1777817747094,Neutral,0.33781,0.23049,-0.03218,0.31803,0.12739,0.00398,0.08258,0.32014,0.23045,-0.03245,0.31824,0.13255,0.00453,0.08254
650,1777817747128,Neutral,0.35322,0.22883,-0.03219,0.31771,0.12306,0.00366,0.08285,0.33006,0.22997,-0.03237,0.31808,0.1297,0.00427,0.08263
651,1777817747161,Sad,0.36151,0.22762,-0.032,0.31696,0.12054,0.00316,0.08346,0.3395,0.22926,-0.03226,0.31774,0.12696,0.00394,0.08288
652,1777817747195,Sad,0.36619,0.22552,-0.03254,0.31692,0.11841,0.00404,0.083,0.3475,0.22814,-0.03234,0.3175,0.12439,0.00397,0.08292
653,1777817747228,Sad,0.36993,0.226,-0.03294,0.31642,0.11696,0.00423,0.08267,0.35423,0.2275,-0.03252,0.31717,0.12216,0.00404,0.08284
654,1777817747262,Sad,0.3732,0.22673,-0.03336,0.31619,0.11615,0.00434,0.08282,0.35992,0.22727,-0.03277,0.31688,0.12036,0.00413,0.08284
655,1777817747328,Sad,0.37762,0.22557,-0.03348,0.31683,0.11517,0.00307,0.08346,0.36523,0.22676,-0.03298,0.31686,0.1188,0.00381,0.08302
656,1777817747395,Sad,0.37794,0.21884,-0.03334,0.317,0.11535,0.00375,0.08394,0.36904,0.22438,-0.03309,0.3169,0.11777,0.0038,0.0833
657,1777817747428,Sad,0.37876,0.21449,-0.03276,0.31704,0.11499,0.00413,0.0839,0.37196,0.22141,-0.03299,0.31695,0.11693,0.0039,0.08348
658,1777817747496,Sad,0.37768,0.20952,-0.03241,0.3173,0.11492,0.00424,0.08285,0.37367,0.21785,-0.03282,0.31705,0.11633,0.004,0.08329
659,1777817747561,Sad,0.37695,0.20797,-0.03224,0.31774,0.11515,0.00421,0.08228,0.37466,0.21488,-0.03264,0.31726,0.11598,0.00406,0.08299
660,1777817747595,Sad,0.37679,0.20773,-0.03227,0.31776,0.1152,0.00415,0.08203,0.3753,0.21274,-0.03253,0.31741,0.11574,0.00409,0.0827
661,1777817747628,Sad,0.3776,0.20796,-0.03216,0.31768,0.11502,0.00381,0.08186,0.37599,0.2113,-0.03242,0.31749,0.11553,0.00401,0.08245
662,1777817747661,Sad,0.3786,0.21002,-0.03241,0.31734,0.11475,0.00408,0.08142,0.37677,0.21092,-0.03241,0.31744,0.1153,0.00403,0.08214
663,1777817747694,Sad,0.37918,0.20672,-0.03225,0.31726,0.11481,0.00464,0.08115,0.37749,0.20966,-0.03237,0.31739,0.11515,0.00421,0.08184
664,1777817747729,Sad,0.37981,0.20708,-0.03267,0.31748,0.11474,0.00493,0.08087,0.37819,0.20888,-0.03246,0.31742,0.11503,0.00443,0.08155
665,1777817747795,Sad,0.38009,0.20513,-0.03176,0.31626,0.11447,0.00509,0.08123,0.37876,0.20776,-0.03225,0.31707,0.11486,0.00463,0.08146
666,1777817747859,Sad,0.37699,0.19109,-0.03015,0.31631,0.11475,0.00482,0.08097,0.37823,0.20276,-0.03162,0.31684,0.11483,0.00468,0.08131
667,1777817747894,Sad,0.37804,0.18066,-0.02902,0.31802,0.1151,0.00431,0.08082,0.37817,0.19613,-0.03084,0.3172,0.11491,0.00457,0.08116
668,1777817747928,Sad,0.37907,0.17082,-0.02782,0.31744,0.11558,0.00457,0.08092,0.37844,0.18853,-0.02993,0.31727,0.11511,0.00457,0.08109
669,1777817747961,Sad,0.38183,0.13807,-0.02329,0.31836,0.11492,0.00277,0.08139,0.37946,0.1734,-0.02794,0.3176,0.11505,0.00403,0.08118
670,1777817747994,Sad,0.38372,0.1111,-0.01972,0.31874,0.1148,0.00352,0.08224,0.38074,0.15471,-0.02547,0.31794,0.11498,0.00388,0.0815
671,1777817748061,Sad,0.36849,0.05284,-0.01109,0.32451,0.11645,0.00312,0.08401,0.37706,0.12415,-0.02116,0.31991,0.11542,0.00365,0.08225
672,1777817748127,Neutral,0.11261,0.02802,-0.00677,0.32645,0.16132,0.00557,0.08659,0.29773,0.09531,-0.01684,0.32187,0.12919,0.00423,0.08355
673,1777817748194,Neutral,0.08843,0.01524,-0.00444,0.32828,0.16625,0.00572,0.08753,0.23494,0.07129,-0.01312,0.3238,0.14031,0.00467,0.08475
674,1777817748261,Neutral,0.13277,0.00549,-0.00337,0.33092,0.16175,0.00608,0.08736,0.20429,0.05155,-0.0102,0.32593,0.14674,0.0051,0.08553
675,1777817748294,Neutral,0.13937,0.00261,-0.00327,0.33314,0.16163,0.00626,0.08725,0.18481,0.03687,-0.00812,0.3281,0.15121,0.00544,0.08605
676,1777817748328,Neutral,0.16656,0.00164,-0.00337,0.33546,0.15693,0.00645,0.08682,0.17934,0.0263,-0.00669,0.33031,0.15293,0.00575,0.08628
677,1777817748394,Neutral,0.22122,0.00225,-0.00277,0.33899,0.14866,0.00684,0.0859,0.1919,0.01908,-0.00552,0.33291,0.15165,0.00607,0.08616
678,1777817748429,Neutral,0.24601,0.00339,-0.00253,0.34035,0.14489,0.00654,0.08548,0.20814,0.01438,-0.00462,0.33514,0.14962,0.00621,0.08596
679,1777817748495,Neutral,0.27424,0.00362,-0.00263,0.343,0.14092,0.00672,0.08461,0.22797,0.01115,-0.00402,0.3375,0.14701,0.00636,0.08556
680,1777817748528,Neutral,0.28433,0.00318,-0.00295,0.34331,0.13941,0.00667,0.08428,0.24488,0.00876,-0.0037,0.33924,0.14473,0.00646,0.08517
681,1777817748595,Neutral,0.29236,0.00196,-0.00331,0.34421,0.13779,0.00648,0.08459,0.25912,0.00672,-0.00358,0.34073,0.14265,0.00646,0.085
682,1777817748628,Neutral,0.29591,0.00175,-0.00349,0.34479,0.13703,0.00598,0.0846,0.27016,0.00523,-0.00356,0.34195,0.14096,0.00632,0.08488
683,1777817748661,Neutral,0.29756,0.00156,-0.0036,0.3449,0.13652,0.00574,0.08464,0.27838,0.00413,-0.00357,0.34283,0.13963,0.00615,0.08481
684,1777817748694,Neutral,0.30163,0.00148,-0.00375,0.34524,0.13317,0.00576,0.0848,0.28535,0.00333,-0.00362,0.34356,0.13769,0.00603,0.0848
685,1777817748728,Neutral,0.32185,0.00142,-0.00382,0.34521,0.12792,0.00556,0.08446,0.2963,0.00276,-0.00368,0.34405,0.13476,0.00589,0.0847
686,1777817748760,Neutral,0.33077,0.00137,-0.0042,0.34542,0.12545,0.00563,0.0841,0.30664,0.00234,-0.00384,0.34446,0.13197,0.00581,0.08452
687,1777817748794,Neutral,0.33561,0.00136,-0.00446,0.34527,0.12421,0.00568,0.08407,0.31533,0.00205,-0.00402,0.34471,0.12964,0.00577,0.08438
688,1777817748828,Neutral,0.34069,0.00136,-0.00466,0.34481,0.12314,0.00595,0.08374,0.32294,0.00184,-0.00422,0.34474,0.12769,0.00583,0.08419
689,1777817748895,Neutral,0.34122,0.00137,-0.00482,0.34336,0.12196,0.00643,0.08401,0.32842,0.0017,-0.0044,0.34432,0.12597,0.00601,0.08414
690,1777817748960,Sad,0.35244,0.00148,-0.00517,0.34339,0.12029,0.0063,0.08423,0.33563,0.00163,-0.00463,0.34404,0.12427,0.0061,0.08417
691,1777817748993,Sad,0.3545,0.00153,-0.00537,0.34423,0.11962,0.00612,0.08441,0.34129,0.0016,-0.00485,0.3441,0.12287,0.0061,0.08424
692,1777817749027,Sad,0.35515,0.00156,-0.00552,0.34423,0.1193,0.00593,0.08417,0.34545,0.00159,-0.00505,0.34414,0.1218,0.00605,0.08422
693,1777817749060,Sad,0.35352,0.00162,-0.00556,0.3444,0.1198,0.0059,0.08434,0.34787,0.0016,-0.0052,0.34422,0.1212,0.00601,0.08425
694,1777817749094,Neutral,0.29301,0.00177,-0.00551,0.34438,0.13606,0.0058,0.08435,0.33141,0.00165,-0.0053,0.34427,0.12566,0.00595,0.08428
695,1777817749129,Neutral,0.24552,0.00196,-0.00553,0.34408,0.14973,0.00581,0.08451,0.30564,0.00174,-0.00537,0.34421,0.13288,0.00591,0.08435
696,1777817749192,Neutral,0.22969,0.00262,-0.0052,0.34481,0.15655,0.0057,0.0843,0.28286,0.00201,-0.00531,0.34439,0.13998,0.00584,0.08434
697,1777817749227,Neutral,0.22834,0.00281,-0.00501,0.34411,0.15764,0.0057,0.08442,0.2665,0.00225,-0.00522,0.3443,0.14528,0.0058,0.08436
698,1777817749260,Neutral,0.22965,0.00302,-0.00494,0.34306,0.15801,0.00575,0.0846,0.25545,0.00248,-0.00514,0.34393,0.1491,0.00579,0.08443
699,1777817749294,Neutral,0.23019,0.00299,-0.00483,0.34225,0.15799,0.00583,0.08499,0.24787,0.00263,-0.00504,0.34343,0.15177,0.0058,0.0846
700,1777817749327,Neutral,0.23143,0.00307,-0.00479,0.34223,0.15768,0.00587,0.08498,0.24294,0.00276,-0.00497,0.34307,0.15354,0.00582,0.08472
701,1777817749361,Neutral,0.23292,0.00318,-0.00478,0.34218,0.15739,0.00584,0.08499,0.23993,0.00289,-0.00491,0.3428,0.1547,0.00583,0.0848
702,1777817749394,Neutral,0.23418,0.00319,-0.00484,0.34182,0.15727,0.00582,0.085,0.2382,0.00298,-0.00489,0.34251,0.15547,0.00583,0.08486
703,1777817749427,Neutral,0.23464,0.0032,-0.00486,0.34149,0.15715,0.00582,0.08495,0.23714,0.00305,-0.00488,0.3422,0.15597,0.00582,0.08489
704,1777817749461,Neutral,0.23407,0.00327,-0.00492,0.34169,0.15723,0.00589,0.08484,0.23622,0.00311,-0.00489,0.34205,0.15635,0.00584,0.08487
705,1777817749494,Neutral,0.23393,0.00336,-0.00502,0.3427,0.15738,0.00586,0.08461,0.23553,0.00319,-0.00493,0.34224,0.15666,0.00585,0.08479
706,1777817749528,Neutral,0.23271,0.0034,-0.00509,0.34307,0.15766,0.00588,0.08446,0.23468,0.00325,-0.00498,0.34249,0.15696,0.00586,0.08469
707,1777817749595,Neutral,0.22346,0.00327,-0.005,0.34378,0.15711,0.00642,0.08452,0.23132,0.00326,-0.00498,0.34288,0.157,0.00602,0.08464
708,1777817749659,Neutral,0.24302,0.00287,-0.00474,0.34346,0.15197,0.00674,0.08507,0.23483,0.00314,-0.00491,0.34305,0.15549,0.00624,0.08477
709,1777817749694,Neutral,0.25289,0.0026,-0.00483,0.34296,0.14953,0.00686,0.08503,0.24025,0.00298,-0.00489,0.34303,0.15371,0.00642,0.08485
710,1777817749727,Neutral,0.26142,0.0024,-0.00475,0.34246,0.14768,0.00693,0.08547,0.2466,0.00281,-0.00485,0.34285,0.1519,0.00657,0.08504
711,1777817749760,Neutral,0.2652,0.00241,-0.00498,0.34237,0.1467,0.0072,0.08595,0.25218,0.00269,-0.00488,0.34271,0.15034,0.00676,0.08531
712,1777817749794,Neutral,0.26509,0.00241,-0.00543,0.34255,0.14629,0.00708,0.08551,0.25605,0.0026,-0.00505,0.34266,0.14912,0.00686,0.08537
713,1777817749827,Neutral,0.26511,0.00253,-0.00524,0.34286,0.14582,0.0072,0.08543,0.25877,0.00258,-0.00511,0.34272,0.14813,0.00696,0.08539
